year_film,year_ceremony,ceremony,canon_category,name,film,winner
2015,2016,88,ACTOR IN A LEADING ROLE,Matt Damon,The Martian,False
2015,2016,88,ACTOR IN A LEADING ROLE,Leonardo DiCaprio,The Revenant,True
2015,2016,88,ACTOR IN A LEADING ROLE,Michael Fassbender,Steve Jobs,False
2015,2016,88,ACTOR IN A SUPPORTING ROLE,Christian Bale,The Big Short,False
2015,2016,88,ACTOR IN A SUPPORTING ROLE,Tom Hardy,The Revenant,False
2015,2016,88,ACTOR IN A SUPPORTING ROLE,Mark Ruffalo,Spotlight,False
2015,2016,88,ACTOR IN A SUPPORTING ROLE,Mark Rylance,Bridge of Spies,True
2015,2016,88,ACTOR IN A SUPPORTING ROLE,Sylvester Stallone,Creed,False
2015,2016,88,ACTRESS IN A LEADING ROLE,Cate Blanchett,Carol,False
2015,2016,88,ACTRESS IN A LEADING ROLE,Brie Larson,Room,True
2015,2016,88,ACTRESS IN A LEADING ROLE,Charlotte Rampling,45 Years,False
2015,2016,88,ACTRESS IN A LEADING ROLE,Saoirse Ronan,Brooklyn,False
2015,2016,88,ACTRESS IN A SUPPORTING ROLE,Rooney Mara,Carol,False
2015,2016,88,ACTRESS IN A SUPPORTING ROLE,Rachel McAdams,Spotlight,False
2015,2016,88,ACTRESS IN A SUPPORTING ROLE,Kate Winslet,Steve Jobs,False
2015,2016,88,ANIMATED FEATURE FILM,Charlie Kaufman/Duke Johnson/Rosa Tran,Anomalisa,False
2015,2016,88,ANIMATED FEATURE FILM,Alê Abreu,Boy and the World,False
2015,2016,88,ANIMATED FEATURE FILM,Pete Docter/Jonas Rivera,Inside Out,True
2015,2016,88,ANIMATED FEATURE FILM,Mark Burton/Richard Starzak,Shaun the Sheep Movie,False
2015,2016,88,ANIMATED FEATURE FILM,Hiromasa Yonebayashi/Yoshiaki Nishimura,When Marnie Was There,False
2015,2016,88,CINEMATOGRAPHY,Ed Lachman,Carol,False
2015,2016,88,CINEMATOGRAPHY,John Seale,Mad Max: Fury Road,False
2015,2016,88,CINEMATOGRAPHY,Emmanuel Lubezki,The Revenant,True
2015,2016,88,CINEMATOGRAPHY,Roger Deakins,Sicario,False
2015,2016,88,COSTUME DESIGN,Sandy Powell,Carol,False
2015,2016,88,COSTUME DESIGN,Sandy Powell,Cinderella,False
2015,2016,88,COSTUME DESIGN,Jenny Beavan,Mad Max: Fury Road,True
2015,2016,88,COSTUME DESIGN,Jacqueline West,The Revenant,False
2015,2016,88,DIRECTING,Adam McKay,The Big Short,False
2015,2016,88,DIRECTING,George Miller,Mad Max: Fury Road,False
2015,2016,88,DIRECTING,Alejandro G. Iñárritu,The Revenant,True
2015,2016,88,DIRECTING,Lenny Abrahamson,Room,False
2015,2016,88,DIRECTING,Tom McCarthy,Spotlight,False
2015,2016,88,DOCUMENTARY (Feature),Asif Kapadia/James Gay-Rees,Amy,True
2015,2016,88,DOCUMENTARY (Feature),Matthew Heineman/Tom Yellin,Cartel Land,False
2015,2016,88,DOCUMENTARY (Feature),Joshua Oppenheimer/Signe Byrge Sørensen,The Look of Silence,False
2015,2016,88,FILM EDITING,Hank Corwin,The Big Short,False
2015,2016,88,FILM EDITING,Margaret Sixel,Mad Max: Fury Road,True
2015,2016,88,FILM EDITING,Stephen Mirrione,The Revenant,False
2015,2016,88,FILM EDITING,Tom McArdle,Spotlight,False
2015,2016,88,FILM EDITING,Maryann Brandon/Mary Jo Markey,Star Wars: The Force Awakens,False
2015,2016,88,INTERNATIONAL FEATURE FILM,France,Mustang,False
2015,2016,88,INTERNATIONAL FEATURE FILM,Hungary,Son of Saul,True
2015,2016,88,INTERNATIONAL FEATURE FILM,Jordan,Theeb,False
2015,2016,88,INTERNATIONAL FEATURE FILM,Denmark,A War,False
2015,2016,88,MAKEUP AND HAIRSTYLING,Lesley Vanderwalt/Elka Wardega/Damian Martin,Mad Max: Fury Road,True
2015,2016,88,MAKEUP AND HAIRSTYLING,Siân Grigg/Duncan Jarman/Robert Pandini,The Revenant,False
2015,2016,88,MUSIC (Original Score),Thomas Newman,Bridge of Spies,False
2015,2016,88,MUSIC (Original Score),Carter Burwell,Carol,False
2015,2016,88,MUSIC (Original Score),Jóhann Jóhannsson,Sicario,False
2015,2016,88,MUSIC (Original Score),John Williams,Star Wars: The Force Awakens,False
2015,2016,88,MUSIC (Original Song),David Lang,Youth,False
2015,2016,88,MUSIC (Original Song),Diane Warren/Lady Gaga,The Hunting Ground,False
2015,2016,88,BEST PICTURE,Brad Pitt/Dede Gardner/Jeremy Kleiner,The Big Short,False
2015,2016,88,BEST PICTURE,Steven Spielberg/Marc Platt/Kristie Macosko Krieger,Bridge of Spies,False
2015,2016,88,BEST PICTURE,Finola Dwyer/Amanda Posey,Brooklyn,False
2015,2016,88,BEST PICTURE,Doug Mitchell/George Miller,Mad Max: Fury Road,False
2015,2016,88,BEST PICTURE,Simon Kinberg/Ridley Scott/Michael Schaefer/Mark Huffam,The Martian,False
2015,2016,88,BEST PICTURE,Arnon Milchan/Steve Golin/Alejandro G. Iñárritu/Mary Parent/Keith Redmon,The Revenant,False
2015,2016,88,BEST PICTURE,Ed Guiney,Room,False
2015,2016,88,BEST PICTURE,Michael Sugar/Steve Golin/Nicole Rocklin/Blye Pagon Faust,Spotlight,True
2015,2016,88,ART DIRECTION,Adam Stockhausen/Rena DeAngelo/Bernhard Henrich,Bridge of Spies,False
2015,2016,88,ART DIRECTION,Colin Gibson/Lisa Thompson,Mad Max: Fury Road,True
2015,2016,88,ART DIRECTION,Arthur Max/Celia Bobak,The Martian,False
2015,2016,88,ART DIRECTION,Jack Fisk/Hamish Purdy,The Revenant,False
2015,2016,88,SOUND EDITING,Mark Mangini/David White,Mad Max: Fury Road,True
2015,2016,88,SOUND EDITING,Oliver Tarney,The Martian,False
2015,2016,88,SOUND EDITING,Martin Hernandez/Lon Bender,The Revenant,False
2015,2016,88,SOUND EDITING,Alan Robert Murray,Sicario,False
2015,2016,88,SOUND EDITING,Matthew Wood/David Acord,Star Wars: The Force Awakens,False
2015,2016,88,SOUND MIXING,Andy Nelson/Gary Rydstrom/Drew Kunin,Bridge of Spies,False
2015,2016,88,SOUND MIXING,Chris Jenkins/Gregg Rudloff/Ben Osmo,Mad Max: Fury Road,True
2015,2016,88,SOUND MIXING,Paul Massey/Mark Taylor/Mac Ruth,The Martian,False
2015,2016,88,SOUND MIXING,Jon Taylor/Frank A. Montaño/Randy Thom/Chris Duesterdiek,The Revenant,False
2015,2016,88,SOUND MIXING,Andy Nelson/Christopher Scarabosio/Stuart Wilson,Star Wars: The Force Awakens,False
2015,2016,88,VISUAL EFFECTS,Andrew Whitehurst/Paul Norris/Mark Ardington/Sara Bennett,Ex Machina,True
2015,2016,88,VISUAL EFFECTS,Andrew Jackson/Tom Wood/Dan Oliver/Andy Williams,Mad Max: Fury Road,False
2015,2016,88,VISUAL EFFECTS,Richard Stammers/Anders Langlands/Chris Lawrence/Steven Warner,The Martian,False
2015,2016,88,VISUAL EFFECTS,Rich McBride/Matthew Shumway/Jason Smith/Cameron Waldbauer,The Revenant,False
2015,2016,88,VISUAL EFFECTS,Roger Guyett/Patrick Tubach/Neal Scanlan/Chris Corbould,Star Wars: The Force Awakens,False
2015,2016,88,WRITING (Adapted Screenplay),Charles Randolph/Adam McKay,The Big Short,True
2015,2016,88,WRITING (Adapted Screenplay),Nick Hornby,Brooklyn,False
2015,2016,88,WRITING (Adapted Screenplay),Phyllis Nagy,Carol,False
2015,2016,88,WRITING (Adapted Screenplay),Drew Goddard,The Martian,False
2015,2016,88,WRITING (Adapted Screenplay),Emma Donoghue,Room,False
2015,2016,88,WRITING (Original Screenplay),Matt Charman/Ethan Coen/Joel Coen,Bridge of Spies,False
2015,2016,88,WRITING (Original Screenplay),Alex Garland,Ex Machina,False
2015,2016,88,WRITING (Original Screenplay),Pete Docter/Meg LeFauve/Josh Cooley/Ronnie del Carmen,Inside Out,False
2015,2016,88,WRITING (Original Screenplay),Josh Singer/Tom McCarthy,Spotlight,True
2015,2016,88,WRITING (Original Screenplay),Jonathan Herman/Andrea Berloff/S. Leigh Savidge/Alan Wenkus,Straight Outta Compton,False
2016,2017,89,ACTOR IN A LEADING ROLE,Casey Affleck,Manchester by the Sea,True
2016,2017,89,ACTOR IN A LEADING ROLE,Andrew Garfield,Hacksaw Ridge,False
2016,2017,89,ACTOR IN A LEADING ROLE,Ryan Gosling,La La Land,False
2016,2017,89,ACTOR IN A LEADING ROLE,Viggo Mortensen,Captain Fantastic,False
2016,2017,89,ACTOR IN A LEADING ROLE,Denzel Washington,Fences,False
2016,2017,89,ACTOR IN A SUPPORTING ROLE,Mahershala Ali,Moonlight,True
2016,2017,89,ACTOR IN A SUPPORTING ROLE,Jeff Bridges,Hell or High Water,False
2016,2017,89,ACTOR IN A SUPPORTING ROLE,Lucas Hedges,Manchester by the Sea,False
2016,2017,89,ACTOR IN A SUPPORTING ROLE,Dev Patel,Lion,False
2016,2017,89,ACTRESS IN A LEADING ROLE,Isabelle Huppert,Elle,False
2016,2017,89,ACTRESS IN A LEADING ROLE,Ruth Negga,Loving,False
2016,2017,89,ACTRESS IN A LEADING ROLE,Natalie Portman,Jackie,False
2016,2017,89,ACTRESS IN A LEADING ROLE,Emma Stone,La La Land,True
2016,2017,89,ACTRESS IN A LEADING ROLE,Meryl Streep,Florence Foster Jenkins,False
2016,2017,89,ACTRESS IN A SUPPORTING ROLE,Viola Davis,Fences,True
2016,2017,89,ACTRESS IN A SUPPORTING ROLE,Naomie Harris,Moonlight,False
2016,2017,89,ACTRESS IN A SUPPORTING ROLE,Nicole Kidman,Lion,False
2016,2017,89,ACTRESS IN A SUPPORTING ROLE,Octavia Spencer,Hidden Figures,False
2016,2017,89,ACTRESS IN A SUPPORTING ROLE,Michelle Williams,Manchester by the Sea,False
2016,2017,89,ANIMATED FEATURE FILM,Travis Knight/Arianne Sutner,Kubo and the Two Strings,False
2016,2017,89,ANIMATED FEATURE FILM,John Musker/Ron Clements/Osnat Shurer,Moana,False
2016,2017,89,ANIMATED FEATURE FILM,Claude Barras/Max Karli,My Life as a Zucchini,False
2016,2017,89,ANIMATED FEATURE FILM,Michael Dudok de Wit/Toshio Suzuki,The Red Turtle,False
2016,2017,89,CINEMATOGRAPHY,Bradford Young,Arrival,False
2016,2017,89,CINEMATOGRAPHY,Linus Sandgren,La La Land,True
2016,2017,89,CINEMATOGRAPHY,Greig Fraser,Lion,False
2016,2017,89,CINEMATOGRAPHY,James Laxton,Moonlight,False
2016,2017,89,CINEMATOGRAPHY,Rodrigo Prieto,Silence,False
2016,2017,89,COSTUME DESIGN,Consolata Boyle,Florence Foster Jenkins,False
2016,2017,89,COSTUME DESIGN,Madeline Fontaine,Jackie,False
2016,2017,89,COSTUME DESIGN,Mary Zophres,La La Land,False
2016,2017,89,DIRECTING,Denis Villeneuve,Arrival,False
2016,2017,89,DIRECTING,Mel Gibson,Hacksaw Ridge,False
2016,2017,89,DIRECTING,Damien Chazelle,La La Land,True
2016,2017,89,DIRECTING,Kenneth Lonergan,Manchester by the Sea,False
2016,2017,89,DIRECTING,Barry Jenkins,Moonlight,False
2016,2017,89,DOCUMENTARY (Feature),Gianfranco Rosi/Donatella Palermo,Fire at Sea,False
2016,2017,89,DOCUMENTARY (Feature),Raoul Peck/Rémi Grellety/Hébert Peck,I Am Not Your Negro,False
2016,2017,89,DOCUMENTARY (Feature),Roger Ross Williams/Julie Goldman,"Life, Animated",False
2016,2017,89,FILM EDITING,Joe Walker,Arrival,False
2016,2017,89,FILM EDITING,John Gilbert,Hacksaw Ridge,True
2016,2017,89,FILM EDITING,Jake Roberts,Hell or High Water,False
2016,2017,89,FILM EDITING,Tom Cross,La La Land,False
2016,2017,89,FILM EDITING,Nat Sanders/Joi McMillon,Moonlight,False
2016,2017,89,INTERNATIONAL FEATURE FILM,Denmark,Land of Mine,False
2016,2017,89,INTERNATIONAL FEATURE FILM,Sweden,A Man Called Ove,False
2016,2017,89,INTERNATIONAL FEATURE FILM,Iran,The Salesman,True
2016,2017,89,INTERNATIONAL FEATURE FILM,Germany,Toni Erdmann,False
2016,2017,89,MAKEUP AND HAIRSTYLING,Eva von Bahr/Love Larson,A Man Called Ove,False
2016,2017,89,MAKEUP AND HAIRSTYLING,Joel Harlow/Richard Alonzo,Star Trek Beyond,False
2016,2017,89,MUSIC (Original Score),Mica Levi,Jackie,False
2016,2017,89,MUSIC (Original Score),Justin Hurwitz,La La Land,True
2016,2017,89,MUSIC (Original Score),Dustin O'Halloran/Hauschka,Lion,False
2016,2017,89,MUSIC (Original Score),Nicholas Britell,Moonlight,False
2016,2017,89,MUSIC (Original Song),Justin Hurwitz/Benj Pasek/Justin Paul,La La Land,False
2016,2017,89,MUSIC (Original Song),Justin Hurwitz/Benj Pasek/Justin Paul,La La Land,True
2016,2017,89,MUSIC (Original Song),Lin-Manuel Miranda,Moana,False
2016,2017,89,BEST PICTURE,Shawn Levy/Dan Levine/Aaron Ryder/David Linde,Arrival,False
2016,2017,89,BEST PICTURE,Scott Rudin/Denzel Washington/Todd Black,Fences,False
2016,2017,89,BEST PICTURE,Bill Mechanic/David Permut,Hacksaw Ridge,False
2016,2017,89,BEST PICTURE,Carla Hacken/Julie Yorn,Hell or High Water,False
2016,2017,89,BEST PICTURE,Donna Gigliotti/Peter Chernin/Jenno Topping/Pharrell Williams/Theodore Melfi,Hidden Figures,False
2016,2017,89,BEST PICTURE,Fred Berger/Jordan Horowitz/Marc Platt,La La Land,False
2016,2017,89,BEST PICTURE,Emile Sherman/Iain Canning/Angie Fielder,Lion,False
2016,2017,89,BEST PICTURE,Matt Damon/Kimberly Steward/Chris Moore/Lauren Beck/Kevin J. Walsh,Manchester by the Sea,False
2016,2017,89,BEST PICTURE,Adele Romanski/Dede Gardner/Jeremy Kleiner,Moonlight,True
2016,2017,89,ART DIRECTION,Patrice Vermette/Paul Hotte,Arrival,False
2016,2017,89,ART DIRECTION,Jess Gonchor/Nancy Haigh,"Hail, Caesar!",False
2016,2017,89,ART DIRECTION,David Wasco/Sandy Reynolds-Wasco,La La Land,True
2016,2017,89,SHORT FILM (Animated),Patrick Osborne,Pearl,False
2016,2017,89,SOUND EDITING,Sylvain Bellemare,Arrival,True
2016,2017,89,SOUND EDITING,Wylie Stateman/Renée Tondelli,Deepwater Horizon,False
2016,2017,89,SOUND EDITING,Robert Mackenzie/Andy Wright,Hacksaw Ridge,False
2016,2017,89,SOUND EDITING,Ai-Ling Lee/Mildred Iatrou Morgan,La La Land,False
2016,2017,89,SOUND EDITING,Alan Robert Murray/Bub Asman,Sully,False
2016,2017,89,SOUND MIXING,Bernard Gariépy Strobl/Claude La Haye,Arrival,False
2016,2017,89,SOUND MIXING,Kevin O'Connell/Andy Wright/Robert Mackenzie/Peter Grace,Hacksaw Ridge,True
2016,2017,89,SOUND MIXING,Andy Nelson/Ai-Ling Lee/Steve A. Morrow,La La Land,False
2016,2017,89,SOUND MIXING,David Parker/Christopher Scarabosio/Stuart Wilson,Rogue One: A Star Wars Story,False
2016,2017,89,SOUND MIXING,Gary Summers/Jeffrey J. Haboush/Mac Ruth,13 Hours: The Secret Soldiers of Benghazi,False
2016,2017,89,VISUAL EFFECTS,Craig Hammack/Jason Snell/Jason Billington/Burt Dalton,Deepwater Horizon,False
2016,2017,89,VISUAL EFFECTS,Stephane Ceretti/Richard Bluff/Vincent Cirelli/Paul Corbould,Doctor Strange,False
2016,2017,89,VISUAL EFFECTS,Robert Legato/Adam Valdez/Andrew R. Jones/Dan Lemmon,The Jungle Book,True
2016,2017,89,VISUAL EFFECTS,Steve Emerson/Oliver Jones/Brian McLean/Brad Schiff,Kubo and the Two Strings,False
2016,2017,89,VISUAL EFFECTS,John Knoll/Mohen Leo/Hal Hickel/Neil Corbould,Rogue One: A Star Wars Story,False
2016,2017,89,WRITING (Adapted Screenplay),Eric Heisserer,Arrival,False
2016,2017,89,WRITING (Adapted Screenplay),August Wilson,Fences,False
2016,2017,89,WRITING (Adapted Screenplay),Allison Schroeder/Theodore Melfi,Hidden Figures,False
2016,2017,89,WRITING (Adapted Screenplay),Luke Davies,Lion,False
2016,2017,89,WRITING (Adapted Screenplay),Barry Jenkins/Tarell Alvin McCraney,Moonlight,True
2016,2017,89,WRITING (Original Screenplay),Taylor Sheridan,Hell or High Water,False
2016,2017,89,WRITING (Original Screenplay),Damien Chazelle,La La Land,False
2016,2017,89,WRITING (Original Screenplay),Yorgos Lanthimos/Efthimis Filippou,The Lobster,False
2016,2017,89,WRITING (Original Screenplay),Kenneth Lonergan,Manchester by the Sea,True
2016,2017,89,WRITING (Original Screenplay),Mike Mills,20th Century Women,False
2017,2018,90,ACTOR IN A LEADING ROLE,Timothée Chalamet,Call Me by Your Name,False
2017,2018,90,ACTOR IN A LEADING ROLE,Daniel Day-Lewis,Phantom Thread,False
2017,2018,90,ACTOR IN A LEADING ROLE,Daniel Kaluuya,Get Out,False
2017,2018,90,ACTOR IN A LEADING ROLE,Gary Oldman,Darkest Hour,True
2017,2018,90,ACTOR IN A SUPPORTING ROLE,Willem Dafoe,The Florida Project,False
2017,2018,90,ACTOR IN A SUPPORTING ROLE,Richard Jenkins,The Shape of Water,False
2017,2018,90,ACTRESS IN A LEADING ROLE,Sally Hawkins,The Shape of Water,False
2017,2018,90,ACTRESS IN A LEADING ROLE,Margot Robbie,"I, Tonya",False
2017,2018,90,ACTRESS IN A LEADING ROLE,Meryl Streep,The Post,False
2017,2018,90,ACTRESS IN A SUPPORTING ROLE,Allison Janney,"I, Tonya",True
2017,2018,90,ACTRESS IN A SUPPORTING ROLE,Lesley Manville,Phantom Thread,False
2017,2018,90,ACTRESS IN A SUPPORTING ROLE,Octavia Spencer,The Shape of Water,False
2017,2018,90,ANIMATED FEATURE FILM,Nora Twomey/Anthony Leo,The Breadwinner,False
2017,2018,90,ANIMATED FEATURE FILM,Lee Unkrich/Darla K. Anderson,Coco,True
2017,2018,90,ANIMATED FEATURE FILM,Dorota Kobiela/Hugh Welchman/Ivan Mactaggart,Loving Vincent,False
2017,2018,90,CINEMATOGRAPHY,Roger A. Deakins,Blade Runner 2049,True
2017,2018,90,CINEMATOGRAPHY,Bruno Delbonnel,Darkest Hour,False
2017,2018,90,CINEMATOGRAPHY,Hoyte van Hoytema,Dunkirk,False
2017,2018,90,CINEMATOGRAPHY,Dan Laustsen,The Shape of Water,False
2017,2018,90,COSTUME DESIGN,Jacqueline Durran,Darkest Hour,False
2017,2018,90,COSTUME DESIGN,Mark Bridges,Phantom Thread,True
2017,2018,90,COSTUME DESIGN,Luis Sequeira,The Shape of Water,False
2017,2018,90,DIRECTING,Christopher Nolan,Dunkirk,False
2017,2018,90,DIRECTING,Jordan Peele,Get Out,False
2017,2018,90,DIRECTING,Paul Thomas Anderson,Phantom Thread,False
2017,2018,90,DIRECTING,Guillermo del Toro,The Shape of Water,True
2017,2018,90,DOCUMENTARY (Feature),Steve James/Mark Mitten/Julie Goldman,Abacus: Small Enough to Jail,False
2017,2018,90,DOCUMENTARY (Feature),Agnès Varda/JR/Rosalie Varda,Faces Places,False
2017,2018,90,FILM EDITING,Paul Machliss/Jonathan Amos,Baby Driver,False
2017,2018,90,FILM EDITING,Lee Smith,Dunkirk,True
2017,2018,90,FILM EDITING,Tatiana S. Riegel,"I, Tonya",False
2017,2018,90,FILM EDITING,Sidney Wolinsky,The Shape of Water,False
2017,2018,90,INTERNATIONAL FEATURE FILM,Chile,A Fantastic Woman,True
2017,2018,90,INTERNATIONAL FEATURE FILM,Lebanon,The Insult,False
2017,2018,90,INTERNATIONAL FEATURE FILM,Russia,Loveless,False
2017,2018,90,INTERNATIONAL FEATURE FILM,Sweden,The Square,False
2017,2018,90,MAKEUP AND HAIRSTYLING,Kazuhiro Tsuji/David Malinowski/Lucy Sibbick,Darkest Hour,True
2017,2018,90,MAKEUP AND HAIRSTYLING,Arjen Tuiten,Wonder,False
2017,2018,90,MUSIC (Original Score),Hans Zimmer,Dunkirk,False
2017,2018,90,MUSIC (Original Score),Jonny Greenwood,Phantom Thread,False
2017,2018,90,MUSIC (Original Score),Alexandre Desplat,The Shape of Water,True
2017,2018,90,MUSIC (Original Score),John Williams,Star Wars: The Last Jedi,False
2017,2018,90,MUSIC (Original Song),Sufjan Stevens,Call Me by Your Name,False
2017,2018,90,MUSIC (Original Song),Kristen Anderson-Lopez/Robert Lopez,Coco,True
2017,2018,90,MUSIC (Original Song),Diane Warren/Lonnie R. Lynn,Marshall,False
2017,2018,90,MUSIC (Original Song),Benj Pasek/Justin Paul,The Greatest Showman,False
2017,2018,90,BEST PICTURE,Peter Spears/Luca Guadagnino/Emilie Georges/Marco Morabito,Call Me by Your Name,False
2017,2018,90,BEST PICTURE,Tim Bevan/Eric Fellner/Lisa Bruce/Anthony McCarten/Douglas Urbanski,Darkest Hour,False
2017,2018,90,BEST PICTURE,Emma Thomas/Christopher Nolan,Dunkirk,False
2017,2018,90,BEST PICTURE,Sean McKittrick/Jason Blum/Edward H. Hamm Jr./Jordan Peele,Get Out,False
2017,2018,90,BEST PICTURE,JoAnne Sellar/Paul Thomas Anderson/Megan Ellison/Daniel Lupi,Phantom Thread,False
2017,2018,90,BEST PICTURE,Amy Pascal/Steven Spielberg/Kristie Macosko Krieger,The Post,False
2017,2018,90,BEST PICTURE,Guillermo del Toro/J. Miles Dale,The Shape of Water,True
2017,2018,90,ART DIRECTION,Dennis Gassner/Alessandra Querzola,Blade Runner 2049,False
2017,2018,90,ART DIRECTION,Sarah Greenwood/Katie Spencer,Darkest Hour,False
2017,2018,90,ART DIRECTION,Nathan Crowley/Gary Fettis,Dunkirk,False
2017,2018,90,ART DIRECTION,Paul Denham Austerberry/Shane Vieau/Jeffrey A. Melvin,The Shape of Water,True
2017,2018,90,SOUND EDITING,Julian Slater,Baby Driver,False
2017,2018,90,SOUND EDITING,Mark Mangini/Theo Green,Blade Runner 2049,False
2017,2018,90,SOUND EDITING,Richard King/Alex Gibson,Dunkirk,True
2017,2018,90,SOUND EDITING,Nathan Robitaille/Nelson Ferreira,The Shape of Water,False
2017,2018,90,SOUND EDITING,Matthew Wood/Ren Klyce,Star Wars: The Last Jedi,False
2017,2018,90,SOUND MIXING,Julian Slater/Tim Cavagin/Mary H. Ellis,Baby Driver,False
2017,2018,90,SOUND MIXING,Ron Bartlett/Doug Hemphill/Mac Ruth,Blade Runner 2049,False
2017,2018,90,SOUND MIXING,Gregg Landaker/Gary A. Rizzo/Mark Weingarten,Dunkirk,True
2017,2018,90,SOUND MIXING,Christian Cooke/Brad Zoern/Glen Gauthier,The Shape of Water,False
2017,2018,90,SOUND MIXING,David Parker/Michael Semanick/Ren Klyce/Stuart Wilson,Star Wars: The Last Jedi,False
2017,2018,90,VISUAL EFFECTS,John Nelson/Gerd Nefzer/Paul Lambert/Richard R. Hoover,Blade Runner 2049,True
2017,2018,90,VISUAL EFFECTS,Christopher Townsend/Guy Williams/Jonathan Fawkner/Dan Sudick,Guardians of the Galaxy Vol. 2,False
2017,2018,90,VISUAL EFFECTS,Ben Morris/Mike Mulholland/Neal Scanlan/Chris Corbould,Star Wars: The Last Jedi,False
2017,2018,90,VISUAL EFFECTS,Joe Letteri/Daniel Barrett/Dan Lemmon/Joel Whist,War for the Planet of the Apes,False
2017,2018,90,WRITING (Adapted Screenplay),James Ivory,Call Me by Your Name,True
2017,2018,90,WRITING (Adapted Screenplay),Scott Neustadter/Michael H. Weber,The Disaster Artist,False
2017,2018,90,WRITING (Adapted Screenplay),Scott Frank/James Mangold/Michael Green,Logan,False
2017,2018,90,WRITING (Adapted Screenplay),Aaron Sorkin,Molly's Game,False
2017,2018,90,WRITING (Original Screenplay),Emily V. Gordon/Kumail Nanjiani,The Big Sick,False
2017,2018,90,WRITING (Original Screenplay),Jordan Peele,Get Out,True
2017,2018,90,WRITING (Original Screenplay),Guillermo del Toro/Vanessa Taylor,The Shape of Water,False
2018,2019,91,ACTOR IN A LEADING ROLE,Bradley Cooper,A Star Is Born,False
2018,2019,91,ACTOR IN A LEADING ROLE,Rami Malek,Bohemian Rhapsody,True
2018,2019,91,ACTOR IN A LEADING ROLE,Viggo Mortensen,Green Book,False
2018,2019,91,ACTOR IN A SUPPORTING ROLE,Mahershala Ali,Green Book,True
2018,2019,91,ACTOR IN A SUPPORTING ROLE,Adam Driver,BlacKkKlansman,False
2018,2019,91,ACTOR IN A SUPPORTING ROLE,Sam Elliott,A Star Is Born,False
2018,2019,91,ACTOR IN A SUPPORTING ROLE,Richard E. Grant,Can You Ever Forgive Me?,False
2018,2019,91,ACTRESS IN A LEADING ROLE,Glenn Close,The Wife,False
2018,2019,91,ACTRESS IN A LEADING ROLE,Olivia Colman,The Favourite,True
2018,2019,91,ACTRESS IN A LEADING ROLE,Lady Gaga,A Star Is Born,False
2018,2019,91,ACTRESS IN A LEADING ROLE,Melissa McCarthy,Can You Ever Forgive Me?,False
2018,2019,91,ACTRESS IN A SUPPORTING ROLE,Regina King,If Beale Street Could Talk,True
2018,2019,91,ACTRESS IN A SUPPORTING ROLE,Emma Stone,The Favourite,False
2018,2019,91,ACTRESS IN A SUPPORTING ROLE,Rachel Weisz,The Favourite,False
2018,2019,91,ANIMATED FEATURE FILM,Brad Bird/John Walker/Nicole Paradis Grindle,Incredibles 2,False
2018,2019,91,ANIMATED FEATURE FILM,Wes Anderson/Scott Rudin/Steven Rales/Jeremy Dawson,Isle of Dogs,False
2018,2019,91,ANIMATED FEATURE FILM,Mamoru Hosoda/Yuichiro Saito,Mirai,False
2018,2019,91,ANIMATED FEATURE FILM,Rich Moore/Phil Johnston/Clark Spencer,Ralph Breaks the Internet,False
2018,2019,91,ANIMATED FEATURE FILM,Bob Persichetti/Peter Ramsey/Rodney Rothman/Phil Lord/Christopher Miller,Spider-Man: Into the Spider-Verse,True
2018,2019,91,CINEMATOGRAPHY,Lukasz Zal,Cold War,False
2018,2019,91,CINEMATOGRAPHY,Robbie Ryan,The Favourite,False
2018,2019,91,CINEMATOGRAPHY,Caleb Deschanel,Never Look Away,False
2018,2019,91,CINEMATOGRAPHY,Matthew Libatique,A Star Is Born,False
2018,2019,91,COSTUME DESIGN,Ruth Carter,Black Panther,True
2018,2019,91,COSTUME DESIGN,Sandy Powell,The Favourite,False
2018,2019,91,DIRECTING,Spike Lee,BlacKkKlansman,False
2018,2019,91,DIRECTING,Pawel Pawlikowski,Cold War,False
2018,2019,91,DIRECTING,Yorgos Lanthimos,The Favourite,False
2018,2019,91,DOCUMENTARY (Feature),Elizabeth Chai Vasarhelyi/Jimmy Chin/Evan Hayes/Shannon Dill,Free Solo,True
2018,2019,91,DOCUMENTARY (Feature),RaMell Ross/Joslyn Barnes/Su Kim,"Hale County This Morning, This Evening",False
2018,2019,91,DOCUMENTARY (Feature),Talal Derki/Ansgar Frerich/Eva Kemme/Tobias N. Siebert,Of Fathers and Sons,False
2018,2019,91,DOCUMENTARY (Feature),Betsy West/Julie Cohen,RBG,False
2018,2019,91,FILM EDITING,Barry Alexander Brown,BlacKkKlansman,False
2018,2019,91,FILM EDITING,John Ottman,Bohemian Rhapsody,True
2018,2019,91,FILM EDITING,Yorgos Mavropsaridis,The Favourite,False
2018,2019,91,FILM EDITING,Patrick J. Don Vito,Green Book,False
2018,2019,91,INTERNATIONAL FEATURE FILM,Lebanon,Capernaum,False
2018,2019,91,INTERNATIONAL FEATURE FILM,Poland,Cold War,False
2018,2019,91,INTERNATIONAL FEATURE FILM,Germany,Never Look Away,False
2018,2019,91,INTERNATIONAL FEATURE FILM,Japan,Shoplifters,False
2018,2019,91,MAKEUP AND HAIRSTYLING,Göran Lundström/Pamela Goldammer,Border,False
2018,2019,91,MUSIC (Original Score),Ludwig Goransson,Black Panther,True
2018,2019,91,MUSIC (Original Score),Terence Blanchard,BlacKkKlansman,False
2018,2019,91,MUSIC (Original Score),Nicholas Britell,If Beale Street Could Talk,False
2018,2019,91,MUSIC (Original Score),Alexandre Desplat,Isle of Dogs,False
2018,2019,91,MUSIC (Original Song),"Kendrick Lamar/Mark ""Sounwave"" Spears/Anthony ""Top Dawg"" Tiffith/SZA",Black Panther,False
2018,2019,91,MUSIC (Original Song),Diane Warren,RBG,False
2018,2019,91,MUSIC (Original Song),Lady Gaga/Mark Ronson/Anthony Rossomando/Andrew Wyatt,A Star Is Born,True
2018,2019,91,BEST PICTURE,Kevin Feige,Black Panther,False
2018,2019,91,BEST PICTURE,Sean McKittrick/Jason Blum/Raymond Mansfield/Jordan Peele/Spike Lee,BlacKkKlansman,False
2018,2019,91,BEST PICTURE,Graham King,Bohemian Rhapsody,False
2018,2019,91,BEST PICTURE,Ceci Dempsey/Ed Guiney/Lee Magiday/Yorgos Lanthimos,The Favourite,False
2018,2019,91,BEST PICTURE,Jim Burke/Charles B. Wessler/Brian Currie/Peter Farrelly/Nick Vallelonga,Green Book,True
2018,2019,91,BEST PICTURE,Bill Gerber/Bradley Cooper/Lynette Howell Taylor,A Star Is Born,False
2018,2019,91,ART DIRECTION,Hannah Beachler/Jay Hart,Black Panther,True
2018,2019,91,ART DIRECTION,Fiona Crombie/Alice Felton,The Favourite,False
2018,2019,91,ART DIRECTION,Nathan Crowley/Kathy Lucas,First Man,False
2018,2019,91,SHORT FILM (Live Action),Marianne Farley/Marie-Hélène Panisset,Marguerite,False
2018,2019,91,SOUND EDITING,Benjamin A. Burtt/Steve Boeddeker,Black Panther,False
2018,2019,91,SOUND EDITING,John Warhurst/Nina Hartstone,Bohemian Rhapsody,True
2018,2019,91,SOUND EDITING,Ai-Ling Lee/Mildred Iatrou Morgan,First Man,False
2018,2019,91,SOUND EDITING,Ethan Van der Ryn/Erik Aadahl,A Quiet Place,False
2018,2019,91,SOUND MIXING,Steve Boeddeker/Brandon Proctor/Peter Devlin,Black Panther,False
2018,2019,91,SOUND MIXING,Paul Massey/Tim Cavagin/John Casali,Bohemian Rhapsody,True
2018,2019,91,SOUND MIXING,Jon Taylor/Frank A. Montaño/Ai-Ling Lee/Mary H. Ellis,First Man,False
2018,2019,91,SOUND MIXING,Tom Ozanich/Dean Zupancic/Jason Ruder/Steve Morrow,A Star Is Born,False
2018,2019,91,VISUAL EFFECTS,Dan DeLeeuw/Kelly Port/Russell Earl/Dan Sudick,Avengers: Infinity War,False
2018,2019,91,VISUAL EFFECTS,Christopher Lawrence/Michael Eames/Theo Jones/Chris Corbould,Christopher Robin,False
2018,2019,91,VISUAL EFFECTS,Paul Lambert/Ian Hunter/Tristan Myles/J.D. Schwalm,First Man,True
2018,2019,91,WRITING (Adapted Screenplay),Charlie Wachtel/David Rabinowitz/Kevin Willmott/Spike Lee,BlacKkKlansman,True
2018,2019,91,WRITING (Adapted Screenplay),Nicole Holofcener/Jeff Whitty,Can You Ever Forgive Me?,False
2018,2019,91,WRITING (Adapted Screenplay),Barry Jenkins,If Beale Street Could Talk,False
2018,2019,91,WRITING (Adapted Screenplay),Eric Roth/Bradley Cooper/Will Fetters,A Star Is Born,False
2018,2019,91,WRITING (Original Screenplay),Deborah Davis/Tony McNamara,The Favourite,False
2018,2019,91,WRITING (Original Screenplay),Paul Schrader,First Reformed,False
2018,2019,91,WRITING (Original Screenplay),Nick Vallelonga/Brian Currie/Peter Farrelly,Green Book,True
2019,2020,92,ACTOR IN A LEADING ROLE,Antonio Banderas,Pain and Glory,False
2019,2020,92,ACTOR IN A LEADING ROLE,Joaquin Phoenix,Joker,True
2019,2020,92,ACTOR IN A SUPPORTING ROLE,Tom Hanks,A Beautiful Day in the Neighborhood,False
2019,2020,92,ACTRESS IN A LEADING ROLE,Cynthia Erivo,Harriet,False
2019,2020,92,ACTRESS IN A LEADING ROLE,Saoirse Ronan,Little Women,False
2019,2020,92,ACTRESS IN A LEADING ROLE,Charlize Theron,Bombshell,False
2019,2020,92,ACTRESS IN A LEADING ROLE,Renée Zellweger,Judy,True
2019,2020,92,ACTRESS IN A SUPPORTING ROLE,Kathy Bates,Richard Jewell,False
2019,2020,92,ACTRESS IN A SUPPORTING ROLE,Scarlett Johansson,Jojo Rabbit,False
2019,2020,92,ACTRESS IN A SUPPORTING ROLE,Florence Pugh,Little Women,False
2019,2020,92,ACTRESS IN A SUPPORTING ROLE,Margot Robbie,Bombshell,False
2019,2020,92,ANIMATED FEATURE FILM,Dean DeBlois/Bradford Lewis/Bonnie Arnold,How to Train Your Dragon: The Hidden World,False
2019,2020,92,ANIMATED FEATURE FILM,Chris Butler/Arianne Sutner/Travis Knight,Missing Link,False
2019,2020,92,ANIMATED FEATURE FILM,Josh Cooley/Mark Nielsen/Jonas Rivera,Toy Story 4,True
2019,2020,92,CINEMATOGRAPHY,Lawrence Sher,Joker,False
2019,2020,92,CINEMATOGRAPHY,Jarin Blaschke,The Lighthouse,False
2019,2020,92,CINEMATOGRAPHY,Roger Deakins,1917,True
2019,2020,92,COSTUME DESIGN,Mayes C. Rubeo,Jojo Rabbit,False
2019,2020,92,COSTUME DESIGN,Mark Bridges,Joker,False
2019,2020,92,COSTUME DESIGN,Jacqueline Durran,Little Women,True
2019,2020,92,DIRECTING,Todd Phillips,Joker,False
2019,2020,92,DIRECTING,Sam Mendes,1917,False
2019,2020,92,DIRECTING,Bong Joon Ho,Parasite,True
2019,2020,92,DOCUMENTARY (Feature),Waad al-Kateab/Edward Watts,For Sama,False
2019,2020,92,DOCUMENTARY (Feature),Ljubo Stefanov/Tamara Kotevska/Atanas Georgiev,Honeyland,False
2019,2020,92,FILM EDITING,Michael McCusker/Andrew Buckland,Ford v Ferrari,True
2019,2020,92,FILM EDITING,Tom Eagles,Jojo Rabbit,False
2019,2020,92,FILM EDITING,Jeff Groth,Joker,False
2019,2020,92,FILM EDITING,Yang Jinmo,Parasite,False
2019,2020,92,INTERNATIONAL FEATURE FILM,Poland,Corpus Christi,False
2019,2020,92,INTERNATIONAL FEATURE FILM,North Macedonia,Honeyland,False
2019,2020,92,INTERNATIONAL FEATURE FILM,Spain,Pain and Glory,False
2019,2020,92,INTERNATIONAL FEATURE FILM,South Korea,Parasite,True
2019,2020,92,MAKEUP AND HAIRSTYLING,Kazu Hiro/Anne Morgan/Vivian Baker,Bombshell,True
2019,2020,92,MAKEUP AND HAIRSTYLING,Nicki Ledermann/Kay Georgiou,Joker,False
2019,2020,92,MAKEUP AND HAIRSTYLING,Jeremy Woodhead,Judy,False
2019,2020,92,MAKEUP AND HAIRSTYLING,Paul Gooch/Arjen Tuiten/David White,Maleficent: Mistress of Evil,False
2019,2020,92,MAKEUP AND HAIRSTYLING,Naomi Donne/Tristan Versluis/Rebecca Cole,1917,False
2019,2020,92,MUSIC (Original Score),Hildur Guðnadóttir,Joker,True
2019,2020,92,MUSIC (Original Score),Alexandre Desplat,Little Women,False
2019,2020,92,MUSIC (Original Score),Thomas Newman,1917,False
2019,2020,92,MUSIC (Original Score),John Williams,Star Wars: The Rise of Skywalker,False
2019,2020,92,MUSIC (Original Song),Randy Newman,Toy Story 4,False
2019,2020,92,MUSIC (Original Song),Elton John/Bernie Taupin,Rocketman,True
2019,2020,92,MUSIC (Original Song),Kristen Anderson-Lopez/Robert Lopez,Frozen II,False
2019,2020,92,MUSIC (Original Song),Joshuah Brian Campbell/Cynthia Erivo,Harriet,False
2019,2020,92,BEST PICTURE,Peter Chernin/Jenno Topping/James Mangold,Ford v Ferrari,False
2019,2020,92,BEST PICTURE,Carthew Neal/Taika Waititi/Chelsea Winstanley,Jojo Rabbit,False
2019,2020,92,BEST PICTURE,Todd Phillips/Bradley Cooper/Emma Tillinger Koskoff,Joker,False
2019,2020,92,BEST PICTURE,Amy Pascal,Little Women,False
2019,2020,92,BEST PICTURE,Sam Mendes/Pippa Harris/Jayne-Ann Tenggren/Callum McDougall,1917,False
2019,2020,92,BEST PICTURE,Kwak Sin Ae/Bong Joon Ho,Parasite,True
2019,2020,92,ART DIRECTION,Ra Vincent/Nora Sopková,Jojo Rabbit,False
2019,2020,92,ART DIRECTION,Dennis Gassner/Lee Sandales,1917,False
2019,2020,92,ART DIRECTION,Lee Ha Jun/Cho Won Woo,Parasite,False
2019,2020,92,SOUND EDITING,Donald Sylvester,Ford v Ferrari,True
2019,2020,92,SOUND EDITING,Alan Robert Murray,Joker,False
2019,2020,92,SOUND EDITING,Oliver Tarney/Rachael Tate,1917,False
2019,2020,92,SOUND EDITING,Matthew Wood/David Acord,Star Wars: The Rise of Skywalker,False
2019,2020,92,SOUND MIXING,Gary Rydstrom/Tom Johnson/Mark Ulano,Ad Astra,False
2019,2020,92,SOUND MIXING,Paul Massey/David Giammarco/Steven A. Morrow,Ford v Ferrari,False
2019,2020,92,SOUND MIXING,Tom Ozanich/Dean Zupancic/Tod Maitland,Joker,False
2019,2020,92,SOUND MIXING,Mark Taylor/Stuart Wilson,1917,True
2019,2020,92,VISUAL EFFECTS,Dan DeLeeuw/Russell Earl/Matt Aitken/Dan Sudick,Avengers: Endgame,False
2019,2020,92,VISUAL EFFECTS,Robert Legato/Adam Valdez/Andrew R. Jones/Elliot Newman,The Lion King,False
2019,2020,92,VISUAL EFFECTS,Guillaume Rocheron/Greg Butler/Dominic Tuohy,1917,True
2019,2020,92,VISUAL EFFECTS,Roger Guyett/Neal Scanlan/Patrick Tubach/Dominic Tuohy,Star Wars: The Rise of Skywalker,False
2019,2020,92,WRITING (Adapted Screenplay),Taika Waititi,Jojo Rabbit,True
2019,2020,92,WRITING (Adapted Screenplay),Todd Phillips/Scott Silver,Joker,False
2019,2020,92,WRITING (Adapted Screenplay),Greta Gerwig,Little Women,False
2019,2020,92,WRITING (Original Screenplay),Rian Johnson,Knives Out,False
2019,2020,92,WRITING (Original Screenplay),Sam Mendes/Krysty Wilson-Cairns,1917,False
2019,2020,92,WRITING (Original Screenplay),Bong Joon Ho/Han Jin Won,Parasite,True
2020,2021,93,ACTOR IN A LEADING ROLE,Anthony Hopkins,The Father,True
2020,2021,93,ACTOR IN A LEADING ROLE,Steven Yeun,Minari,False
2020,2021,93,ACTOR IN A SUPPORTING ROLE,Daniel Kaluuya,Judas and the Black Messiah,True
2020,2021,93,ACTOR IN A SUPPORTING ROLE,Lakeith Stanfield,Judas and the Black Messiah,False
2020,2021,93,ACTRESS IN A LEADING ROLE,Carey Mulligan,Promising Young Woman,False
2020,2021,93,ACTRESS IN A SUPPORTING ROLE,Olivia Colman,The Father,False
2020,2021,93,ACTRESS IN A SUPPORTING ROLE,Yuh-Jung Youn,Minari,True
2020,2021,93,ANIMATED FEATURE FILM,Dan Scanlon/Kori Rae,Onward,False
2020,2021,93,CINEMATOGRAPHY,Sean Bobbitt,Judas and the Black Messiah,False
2020,2021,93,CINEMATOGRAPHY,Dariusz Wolski,News of the World,False
2020,2021,93,COSTUME DESIGN,Massimo Cantini Parrini,Pinocchio,False
2020,2021,93,DIRECTING,Lee Isaac Chung,Minari,False
2020,2021,93,DIRECTING,Emerald Fennell,Promising Young Woman,False
2020,2021,93,DOCUMENTARY (Short Subject),Anthony Giacchino/Alice Doyard,Colette,True
2020,2021,93,FILM EDITING,Yorgos Lamprinos,The Father,False
2020,2021,93,FILM EDITING,Frédéric Thoraval,Promising Young Woman,False
2020,2021,93,INTERNATIONAL FEATURE FILM,Hong Kong,Better Days,False
2020,2021,93,MAKEUP AND HAIRSTYLING,Mark Coulier/Dalia Colli/Francesco Pegoretti,Pinocchio,False
2020,2021,93,MUSIC (Original Score),Emile Mosseri,Minari,False
2020,2021,93,MUSIC (Original Score),James Newton Howard,News of the World,False
2020,2021,93,MUSIC (Original Song),H.E.R./Dernst Emile II/Tiara Thomas,Judas and the Black Messiah,True
2020,2021,93,BEST PICTURE,David Parfitt/Jean-Louis Livi/Philippe Carcassonne,The Father,False
2020,2021,93,BEST PICTURE,Shaka King/Charles D. King/Ryan Coogler,Judas and the Black Messiah,False
2020,2021,93,BEST PICTURE,Christina Oh,Minari,False
2020,2021,93,BEST PICTURE,Ben Browning/Ashley Fox/Emerald Fennell/Josey McNamara,Promising Young Woman,False
2020,2021,93,ART DIRECTION,Peter Francis/Cathy Featherstone,The Father,False
2020,2021,93,ART DIRECTION,David Crank/Elizabeth Keenan,News of the World,False
2020,2021,93,SOUND MIXING,Oliver Tarney/Mike Prestwood Smith/William Miller/John Pritchett,News of the World,False
2020,2021,93,VISUAL EFFECTS,Matt Sloan/Genevieve Camilleri/Matt Everitt/Brian Cox,Love and Monsters,False
2020,2021,93,WRITING (Adapted Screenplay),Christopher Hampton/Florian Zeller,The Father,True
2020,2021,93,WRITING (Original Screenplay),Will Berson/Shaka King/Kenny Lucas/Keith Lucas,Judas and the Black Messiah,False
2020,2021,93,WRITING (Original Screenplay),Lee Isaac Chung,Minari,False
2020,2021,93,WRITING (Original Screenplay),Emerald Fennell,Promising Young Woman,True
2021,2022,94,ACTOR IN A LEADING ROLE,Will Smith,King Richard,True
2021,2022,94,ACTOR IN A SUPPORTING ROLE,Ciarán Hinds,Belfast,False
2021,2022,94,ACTRESS IN A LEADING ROLE,Jessica Chastain,The Eyes of Tammy Faye,True
2021,2022,94,ACTRESS IN A LEADING ROLE,Penélope Cruz,Parallel Mothers,False
2021,2022,94,ACTRESS IN A LEADING ROLE,Kristen Stewart,Spencer,False
2021,2022,94,ACTRESS IN A SUPPORTING ROLE,Ariana DeBose,West Side Story,True
2021,2022,94,ACTRESS IN A SUPPORTING ROLE,Judi Dench,Belfast,False
2021,2022,94,ACTRESS IN A SUPPORTING ROLE,Aunjanue Ellis,King Richard,False
2021,2022,94,ANIMATED FEATURE FILM,Jared Bush/Byron Howard/Yvett Merino/Clark Spencer,Encanto,True
2021,2022,94,ANIMATED FEATURE FILM,Jonas Poher Rasmussen/Monica Hellström/Signe Byrge Sørensen/Charlotte De La Gournerie,Flee,False
2021,2022,94,ANIMATED FEATURE FILM,Don Hall/Carlos López Estrada/Osnat Shurer/Peter Del Vecho,Raya and the Last Dragon,False
2021,2022,94,CINEMATOGRAPHY,Greig Fraser,Dune,True
2021,2022,94,CINEMATOGRAPHY,Dan Laustsen,Nightmare Alley,False
2021,2022,94,CINEMATOGRAPHY,Janusz Kaminski,West Side Story,False
2021,2022,94,COSTUME DESIGN,Jenny Beavan,Cruella,True
2021,2022,94,COSTUME DESIGN,Massimo Cantini Parrini/Jacqueline Durran,Cyrano,False
2021,2022,94,COSTUME DESIGN,Jacqueline West/Robert Morgan,Dune,False
2021,2022,94,COSTUME DESIGN,Luis Sequeira,Nightmare Alley,False
2021,2022,94,COSTUME DESIGN,Paul Tazewell,West Side Story,False
2021,2022,94,DIRECTING,Kenneth Branagh,Belfast,False
2021,2022,94,DIRECTING,Ryusuke Hamaguchi,Drive My Car,False
2021,2022,94,DIRECTING,Paul Thomas Anderson,Licorice Pizza,False
2021,2022,94,DIRECTING,Steven Spielberg,West Side Story,False
2021,2022,94,DOCUMENTARY (Feature),Jonas Poher Rasmussen/Monica Hellström/Signe Byrge Sørensen/Charlotte De La Gournerie,Flee,False
2021,2022,94,DOCUMENTARY (Feature),"Ahmir ""Questlove"" Thompson/Joseph Patel/Robert Fyvolent/David Dinerstein","Summer of Soul (...Or, When the Revolution Could Not Be Televised)",True
2021,2022,94,DOCUMENTARY (Feature),Rintu Thomas/Sushmit Ghosh,Writing with Fire,False
2021,2022,94,FILM EDITING,Joe Walker,Dune,True
2021,2022,94,FILM EDITING,Pamela Martin,King Richard,False
2021,2022,94,INTERNATIONAL FEATURE FILM,Japan,Drive My Car,True
2021,2022,94,INTERNATIONAL FEATURE FILM,Denmark,Flee,False
2021,2022,94,INTERNATIONAL FEATURE FILM,Norway,The Worst Person in the World,False
2021,2022,94,MAKEUP AND HAIRSTYLING,Nadia Stacey/Naomi Donne/Julia Vernon,Cruella,False
2021,2022,94,MAKEUP AND HAIRSTYLING,Donald Mowat/Love Larson/Eva von Bahr,Dune,False
2021,2022,94,MAKEUP AND HAIRSTYLING,Linda Dowds/Stephanie Ingram/Justin Raleigh,The Eyes of Tammy Faye,True
2021,2022,94,MAKEUP AND HAIRSTYLING,Göran Lundström/Anna Carin Lock/Frederic Aspiras,House of Gucci,False
2021,2022,94,MUSIC (Original Score),Hans Zimmer,Dune,True
2021,2022,94,MUSIC (Original Score),Germaine Franco,Encanto,False
2021,2022,94,MUSIC (Original Score),Alberto Iglesias,Parallel Mothers,False
2021,2022,94,MUSIC (Original Song),DIXSON/Beyoncé Knowles-Carter,King Richard,False
2021,2022,94,MUSIC (Original Song),Lin-Manuel Miranda,Encanto,False
2021,2022,94,MUSIC (Original Song),Van Morrison,Belfast,False
2021,2022,94,MUSIC (Original Song),Billie Eilish/Finneas O'Connell,No Time to Die,True
2021,2022,94,MUSIC (Original Song),Diane Warren,Four Good Days,False
2021,2022,94,BEST PICTURE,Laura Berwick/Kenneth Branagh/Becca Kovacik/Tamar Thomas,Belfast,False
2021,2022,94,BEST PICTURE,Teruhisa Yamamoto,Drive My Car,False
2021,2022,94,BEST PICTURE,Mary Parent/Denis Villeneuve/Cale Boyter,Dune,False
2021,2022,94,BEST PICTURE,Tim White/Trevor White/Will Smith,King Richard,False
2021,2022,94,BEST PICTURE,Sara Murphy/Adam Somner/Paul Thomas Anderson,Licorice Pizza,False
2021,2022,94,BEST PICTURE,Guillermo del Toro/J. Miles Dale/Bradley Cooper,Nightmare Alley,False
2021,2022,94,BEST PICTURE,Steven Spielberg/Kristie Macosko Krieger,West Side Story,False
2021,2022,94,ART DIRECTION,Patrice Vermette/Zsuzsanna Sipos,Dune,True
2021,2022,94,ART DIRECTION,Tamara Deverell/Shane Vieau,Nightmare Alley,False
2021,2022,94,ART DIRECTION,Adam Stockhausen/Rena DeAngelo,West Side Story,False
2021,2022,94,SOUND MIXING,Denise Yarde/Simon Chase/James Mather/Niv Adiri,Belfast,False
2021,2022,94,SOUND MIXING,Mac Ruth/Mark Mangini/Theo Green/Doug Hemphill/Ron Bartlett,Dune,True
2021,2022,94,SOUND MIXING,Simon Hayes/Oliver Tarney/James Harrison/Paul Massey/Mark Taylor,No Time to Die,False
2021,2022,94,SOUND MIXING,Tod A. Maitland/Gary Rydstrom/Brian Chumney/Andy Nelson/Shawn Murphy,West Side Story,False
2021,2022,94,VISUAL EFFECTS,Paul Lambert/Tristan Myles/Brian Connor/Gerd Nefzer,Dune,True
2021,2022,94,VISUAL EFFECTS,Swen Gillberg/Bryan Grill/Nikos Kalaitzidis/Dan Sudick,Free Guy,False
2021,2022,94,VISUAL EFFECTS,Charlie Noble/Joel Green/Jonathan Fawkner/Chris Corbould,No Time to Die,False
2021,2022,94,VISUAL EFFECTS,Christopher Townsend/Joe Farrell/Sean Noel Walker/Dan Oliver,Shang-Chi and the Legend of the Ten Rings,False
2021,2022,94,VISUAL EFFECTS,Kelly Port/Chris Waegner/Scott Edelstein/Dan Sudick,Spider-Man: No Way Home,False
2021,2022,94,WRITING (Adapted Screenplay),Ryusuke Hamaguchi/Takamasa Oe,Drive My Car,False
2021,2022,94,WRITING (Adapted Screenplay),Jon Spaihts/Denis Villeneuve/Eric Roth,Dune,False
2021,2022,94,WRITING (Original Screenplay),Kenneth Branagh,Belfast,True
2021,2022,94,WRITING (Original Screenplay),Zach Baylin,King Richard,False
2021,2022,94,WRITING (Original Screenplay),Paul Thomas Anderson,Licorice Pizza,False
2021,2022,94,WRITING (Original Screenplay),Eskil Vogt/Joachim Trier,The Worst Person in the World,False
2022,2023,95,ACTOR IN A LEADING ROLE,Austin Butler,Elvis,False
2022,2023,95,ACTOR IN A LEADING ROLE,Colin Farrell,The Banshees of Inisherin,False
2022,2023,95,ACTOR IN A LEADING ROLE,Brendan Fraser,The Whale,True
2022,2023,95,ACTOR IN A LEADING ROLE,Bill Nighy,Living,False
2022,2023,95,ACTOR IN A SUPPORTING ROLE,Brendan Gleeson,The Banshees of Inisherin,False
2022,2023,95,ACTOR IN A SUPPORTING ROLE,Judd Hirsch,The Fabelmans,False
2022,2023,95,ACTOR IN A SUPPORTING ROLE,Barry Keoghan,The Banshees of Inisherin,False
2022,2023,95,ACTOR IN A SUPPORTING ROLE,Ke Huy Quan,Everything Everywhere All at Once,True
2022,2023,95,ACTRESS IN A LEADING ROLE,Cate Blanchett,Tár,False
2022,2023,95,ACTRESS IN A LEADING ROLE,Michelle Williams,The Fabelmans,False
2022,2023,95,ACTRESS IN A LEADING ROLE,Michelle Yeoh,Everything Everywhere All at Once,True
2022,2023,95,ACTRESS IN A SUPPORTING ROLE,Angela Bassett,Black Panther: Wakanda Forever,False
2022,2023,95,ACTRESS IN A SUPPORTING ROLE,Hong Chau,The Whale,False
2022,2023,95,ACTRESS IN A SUPPORTING ROLE,Kerry Condon,The Banshees of Inisherin,False
2022,2023,95,ACTRESS IN A SUPPORTING ROLE,Jamie Lee Curtis,Everything Everywhere All at Once,True
2022,2023,95,ACTRESS IN A SUPPORTING ROLE,Stephanie Hsu,Everything Everywhere All at Once,False
2022,2023,95,ANIMATED FEATURE FILM,Dean Fleischer Camp/Elisabeth Holm/Andrew Goldman/Caroline Kaplan/Paul Mezey,Marcel the Shell with Shoes On,False
2022,2023,95,ANIMATED FEATURE FILM,Joel Crawford/Mark Swift,Puss in Boots: The Last Wish,False
2022,2023,95,CINEMATOGRAPHY,Mandy Walker,Elvis,False
2022,2023,95,CINEMATOGRAPHY,Florian Hoffmeister,Tár,False
2022,2023,95,COSTUME DESIGN,Mary Zophres,Babylon,False
2022,2023,95,COSTUME DESIGN,Ruth Carter,Black Panther: Wakanda Forever,True
2022,2023,95,COSTUME DESIGN,Catherine Martin,Elvis,False
2022,2023,95,COSTUME DESIGN,Shirley Kurata,Everything Everywhere All at Once,False
2022,2023,95,COSTUME DESIGN,Jenny Beavan,Mrs. Harris Goes to Paris,False
2022,2023,95,DIRECTING,Martin McDonagh,The Banshees of Inisherin,False
2022,2023,95,DIRECTING,Daniel Kwan/Daniel Scheinert,Everything Everywhere All at Once,True
2022,2023,95,DIRECTING,Steven Spielberg,The Fabelmans,False
2022,2023,95,DIRECTING,Todd Field,Tár,False
2022,2023,95,DOCUMENTARY (Feature),Laura Poitras/Howard Gertler/John Lyons/Nan Goldin/Yoni Golijov,All the Beauty and the Bloodshed,False
2022,2023,95,DOCUMENTARY (Feature),Sara Dosa/Shane Boris/Ina Fichman,Fire of Love,False
2022,2023,95,FILM EDITING,Mikkel E.G. Nielsen,The Banshees of Inisherin,False
2022,2023,95,FILM EDITING,Matt Villa/Jonathan Redmond,Elvis,False
2022,2023,95,FILM EDITING,Paul Rogers,Everything Everywhere All at Once,True
2022,2023,95,FILM EDITING,Monika Willi,Tár,False
2022,2023,95,FILM EDITING,Eddie Hamilton,Top Gun: Maverick,False
2022,2023,95,INTERNATIONAL FEATURE FILM,Poland,EO,False
2022,2023,95,INTERNATIONAL FEATURE FILM,Ireland,The Quiet Girl,False
2022,2023,95,MAKEUP AND HAIRSTYLING,Naomi Donne/Mike Marino/Mike Fontaine,The Batman,False
2022,2023,95,MAKEUP AND HAIRSTYLING,Camille Friend/Joel Harlow,Black Panther: Wakanda Forever,False
2022,2023,95,MAKEUP AND HAIRSTYLING,Mark Coulier/Jason Baird/Aldo Signoretti,Elvis,False
2022,2023,95,MAKEUP AND HAIRSTYLING,Adrien Morot/Judy Chin/Annemarie Bradley,The Whale,True
2022,2023,95,MUSIC (Original Score),Justin Hurwitz,Babylon,False
2022,2023,95,MUSIC (Original Score),Carter Burwell,The Banshees of Inisherin,False
2022,2023,95,MUSIC (Original Score),Son Lux,Everything Everywhere All at Once,False
2022,2023,95,MUSIC (Original Score),John Williams,The Fabelmans,False
2022,2023,95,MUSIC (Original Song),Lady Gaga/BloodPop,Top Gun: Maverick,False
2022,2023,95,MUSIC (Original Song),Tems/Rihanna/Ryan Coogler/Ludwig Goransson,Black Panther: Wakanda Forever,False
2022,2023,95,MUSIC (Original Song),M.M. Keeravaani/Chandrabose,RRR,True
2022,2023,95,MUSIC (Original Song),Ryan Lott/David Byrne/Mitski,Everything Everywhere All at Once,False
2022,2023,95,BEST PICTURE,James Cameron/Jon Landau,Avatar: The Way of Water,False
2022,2023,95,BEST PICTURE,Graham Broadbent/Pete Czernin/Martin McDonagh,The Banshees of Inisherin,False
2022,2023,95,BEST PICTURE,Baz Luhrmann/Catherine Martin/Gail Berman/Patrick McCormick/Schuyler Weiss,Elvis,False
2022,2023,95,BEST PICTURE,Daniel Kwan/Daniel Scheinert/Jonathan Wang,Everything Everywhere All at Once,True
2022,2023,95,BEST PICTURE,Kristie Macosko Krieger/Steven Spielberg/Tony Kushner,The Fabelmans,False
2022,2023,95,BEST PICTURE,Todd Field/Alexandra Milchan/Scott Lambert,Tár,False
2022,2023,95,BEST PICTURE,Tom Cruise/Christopher McQuarrie/David Ellison/Jerry Bruckheimer,Top Gun: Maverick,False
2022,2023,95,BEST PICTURE,Dede Gardner/Jeremy Kleiner/Frances McDormand,Women Talking,False
2022,2023,95,ART DIRECTION,Dylan Cole/Ben Procter/Vanessa Cole,Avatar: The Way of Water,False
2022,2023,95,ART DIRECTION,Florencia Martin/Anthony Carlino,Babylon,False
2022,2023,95,ART DIRECTION,Catherine Martin/Karen Murphy/Bev Dunn,Elvis,False
2022,2023,95,ART DIRECTION,Rick Carter/Karen O'Hara,The Fabelmans,False
2022,2023,95,SOUND MIXING,Julian Howarth/Gwendolyn Yates Whittle/Dick Bernstein/Christopher Boyes/Gary Summers/Michael Hedges,Avatar: The Way of Water,False
2022,2023,95,SOUND MIXING,Stuart Wilson/William Files/Douglas Murray/Andy Nelson,The Batman,False
2022,2023,95,SOUND MIXING,David Lee/Wayne Pashley/Andy Nelson/Michael Keller,Elvis,False
2022,2023,95,SOUND MIXING,Mark Weingarten/James H. Mather/Al Nelson/Chris Burdon/Mark Taylor,Top Gun: Maverick,True
2022,2023,95,VISUAL EFFECTS,Joe Letteri/Richard Baneham/Eric Saindon/Daniel Barrett,Avatar: The Way of Water,True
2022,2023,95,VISUAL EFFECTS,Dan Lemmon/Russell Earl/Anders Langlands/Dominic Tuohy,The Batman,False
2022,2023,95,VISUAL EFFECTS,Geoffrey Baumann/Craig Hammack/R. Christopher White/Dan Sudick,Black Panther: Wakanda Forever,False
2022,2023,95,VISUAL EFFECTS,Ryan Tudhope/Seth Hill/Bryan Litson/Scott R. Fisher,Top Gun: Maverick,False
2022,2023,95,WRITING (Adapted Screenplay),Kazuo Ishiguro,Living,False
2022,2023,95,WRITING (Adapted Screenplay),Ehren Kruger/Eric Warren Singer/Christopher McQuarrie/Peter Craig/Justin Marks,Top Gun: Maverick,False
2022,2023,95,WRITING (Adapted Screenplay),Sarah Polley,Women Talking,True
2022,2023,95,WRITING (Original Screenplay),Martin McDonagh,The Banshees of Inisherin,False
2022,2023,95,WRITING (Original Screenplay),Daniel Kwan/Daniel Scheinert,Everything Everywhere All at Once,True
2022,2023,95,WRITING (Original Screenplay),Steven Spielberg/Tony Kushner,The Fabelmans,False
2022,2023,95,WRITING (Original Screenplay),Todd Field,Tár,False
