year_film,year_ceremony,ceremony,canon_category,name,title,winner,nomination_id
2015,2016,88,ACTOR IN A LEADING ROLE,Matt Damon,The Martian,False,1
2015,2016,88,ACTOR IN A LEADING ROLE,Leonardo DiCaprio,The Revenant,True,2
2015,2016,88,ACTOR IN A LEADING ROLE,Michael Fassbender,Steve Jobs,False,3
2015,2016,88,ACTOR IN A SUPPORTING ROLE,Christian Bale,The Big Short,False,4
2015,2016,88,ACTOR IN A SUPPORTING ROLE,Tom Hardy,The Revenant,False,5
2015,2016,88,ACTOR IN A SUPPORTING ROLE,Mark Ruffalo,Spotlight,False,6
2015,2016,88,ACTOR IN A SUPPORTING ROLE,Mark Rylance,Bridge of Spies,True,7
2015,2016,88,ACTOR IN A SUPPORTING ROLE,Sylvester Stallone,Creed,False,8
2015,2016,88,ACTRESS IN A LEADING ROLE,Cate Blanchett,Carol,False,9
2015,2016,88,ACTRESS IN A LEADING ROLE,Brie Larson,Room,True,10
2015,2016,88,ACTRESS IN A LEADING ROLE,Charlotte Rampling,45 Years,False,11
2015,2016,88,ACTRESS IN A LEADING ROLE,Saoirse Ronan,Brooklyn,False,12
2015,2016,88,ACTRESS IN A SUPPORTING ROLE,Rooney Mara,Carol,False,13
2015,2016,88,ACTRESS IN A SUPPORTING ROLE,Rachel McAdams,Spotlight,False,14
2015,2016,88,ACTRESS IN A SUPPORTING ROLE,Kate Winslet,Steve Jobs,False,15
2015,2016,88,ANIMATED FEATURE FILM,Charlie Kaufman/Duke Johnson/Rosa Tran,Anomalisa,False,16
2015,2016,88,ANIMATED FEATURE FILM,Alê Abreu,Boy and the World,False,17
2015,2016,88,ANIMATED FEATURE FILM,Pete Docter/Jonas Rivera,Inside Out,True,18
2015,2016,88,ANIMATED FEATURE FILM,Mark Burton/Richard Starzak,Shaun the Sheep Movie,False,19
2015,2016,88,ANIMATED FEATURE FILM,Hiromasa Yonebayashi/Yoshiaki Nishimura,When Marnie Was There,False,20
2015,2016,88,CINEMATOGRAPHY,Ed Lachman,Carol,False,21
2015,2016,88,CINEMATOGRAPHY,John Seale,Mad Max: Fury Road,False,22
2015,2016,88,CINEMATOGRAPHY,Emmanuel Lubezki,The Revenant,True,23
2015,2016,88,CINEMATOGRAPHY,Roger Deakins,Sicario,False,24
2015,2016,88,COSTUME DESIGN,Sandy Powell,Carol,False,25
2015,2016,88,COSTUME DESIGN,Sandy Powell,Cinderella,False,26
2015,2016,88,COSTUME DESIGN,Jenny Beavan,Mad Max: Fury Road,True,27
2015,2016,88,COSTUME DESIGN,Jacqueline West,The Revenant,False,28
2015,2016,88,DIRECTING,Adam McKay,The Big Short,False,29
2015,2016,88,DIRECTING,George Miller,Mad Max: Fury Road,False,30
2015,2016,88,DIRECTING,Alejandro G. Iñárritu,The Revenant,True,31
2015,2016,88,DIRECTING,Lenny Abrahamson,Room,False,32
2015,2016,88,DIRECTING,Tom McCarthy,Spotlight,False,33
2015,2016,88,DOCUMENTARY (Feature),Asif Kapadia/James Gay-Rees,Amy,True,34
2015,2016,88,DOCUMENTARY (Feature),Matthew Heineman/Tom Yellin,Cartel Land,False,35
2015,2016,88,DOCUMENTARY (Feature),Joshua Oppenheimer/Signe Byrge Sørensen,The Look of Silence,False,36
2015,2016,88,FILM EDITING,Hank Corwin,The Big Short,False,37
2015,2016,88,FILM EDITING,Margaret Sixel,Mad Max: Fury Road,True,38
2015,2016,88,FILM EDITING,Stephen Mirrione,The Revenant,False,39
2015,2016,88,FILM EDITING,Tom McArdle,Spotlight,False,40
2015,2016,88,FILM EDITING,Maryann Brandon/Mary Jo Markey,Star Wars: The Force Awakens,False,41
2015,2016,88,INTERNATIONAL FEATURE FILM,France,Mustang,False,42
2015,2016,88,INTERNATIONAL FEATURE FILM,Hungary,Son of Saul,True,43
2015,2016,88,INTERNATIONAL FEATURE FILM,Jordan,Theeb,False,44
2015,2016,88,INTERNATIONAL FEATURE FILM,Denmark,A War,False,45
2015,2016,88,MAKEUP AND HAIRSTYLING,Lesley Vanderwalt/Elka Wardega/Damian Martin,Mad Max: Fury Road,True,46
2015,2016,88,MAKEUP AND HAIRSTYLING,Siân Grigg/Duncan Jarman/Robert Pandini,The Revenant,False,47
2015,2016,88,MUSIC (Original Score),Thomas Newman,Bridge of Spies,False,48
2015,2016,88,MUSIC (Original Score),Carter Burwell,Carol,False,49
2015,2016,88,MUSIC (Original Score),Jóhann Jóhannsson,Sicario,False,50
2015,2016,88,MUSIC (Original Score),John Williams,Star Wars: The Force Awakens,False,51
2015,2016,88,MUSIC (Original Song),J. Ralph/Anohni,Racing Extinction,False,52
2015,2016,88,MUSIC (Original Song),David Lang,Youth,False,53
2015,2016,88,MUSIC (Original Song),Diane Warren/Lady Gaga,The Hunting Ground,False,54
2015,2016,88,BEST PICTURE,Brad Pitt/Dede Gardner/Jeremy Kleiner,The Big Short,False,55
2015,2016,88,BEST PICTURE,Steven Spielberg/Marc Platt/Kristie Macosko Krieger,Bridge of Spies,False,56
2015,2016,88,BEST PICTURE,Finola Dwyer/Amanda Posey,Brooklyn,False,57
2015,2016,88,BEST PICTURE,Doug Mitchell/George Miller,Mad Max: Fury Road,False,58
2015,2016,88,BEST PICTURE,Simon Kinberg/Ridley Scott/Michael Schaefer/Mark Huffam,The Martian,False,59
2015,2016,88,BEST PICTURE,Arnon Milchan/Steve Golin/Alejandro G. Iñárritu/Mary Parent/Keith Redmon,The Revenant,False,60
2015,2016,88,BEST PICTURE,Ed Guiney,Room,False,61
2015,2016,88,BEST PICTURE,Michael Sugar/Steve Golin/Nicole Rocklin/Blye Pagon Faust,Spotlight,True,62
2015,2016,88,ART DIRECTION,Adam Stockhausen/Rena DeAngelo/Bernhard Henrich,Bridge of Spies,False,63
2015,2016,88,ART DIRECTION,Colin Gibson/Lisa Thompson,Mad Max: Fury Road,True,64
2015,2016,88,ART DIRECTION,Arthur Max/Celia Bobak,The Martian,False,65
2015,2016,88,ART DIRECTION,Jack Fisk/Hamish Purdy,The Revenant,False,66
2015,2016,88,SOUND EDITING,Mark Mangini/David White,Mad Max: Fury Road,True,67
2015,2016,88,SOUND EDITING,Oliver Tarney,The Martian,False,68
2015,2016,88,SOUND EDITING,Martin Hernandez/Lon Bender,The Revenant,False,69
2015,2016,88,SOUND EDITING,Alan Robert Murray,Sicario,False,70
2015,2016,88,SOUND EDITING,Matthew Wood/David Acord,Star Wars: The Force Awakens,False,71
2015,2016,88,SOUND MIXING,Andy Nelson/Gary Rydstrom/Drew Kunin,Bridge of Spies,False,72
2015,2016,88,SOUND MIXING,Chris Jenkins/Gregg Rudloff/Ben Osmo,Mad Max: Fury Road,True,73
2015,2016,88,SOUND MIXING,Paul Massey/Mark Taylor/Mac Ruth,The Martian,False,74
2015,2016,88,SOUND MIXING,Jon Taylor/Frank A. Montaño/Randy Thom/Chris Duesterdiek,The Revenant,False,75
2015,2016,88,SOUND MIXING,Andy Nelson/Christopher Scarabosio/Stuart Wilson,Star Wars: The Force Awakens,False,76
2015,2016,88,VISUAL EFFECTS,Andrew Whitehurst/Paul Norris/Mark Ardington/Sara Bennett,Ex Machina,True,77
2015,2016,88,VISUAL EFFECTS,Andrew Jackson/Tom Wood/Dan Oliver/Andy Williams,Mad Max: Fury Road,False,78
2015,2016,88,VISUAL EFFECTS,Richard Stammers/Anders Langlands/Chris Lawrence/Steven Warner,The Martian,False,79
2015,2016,88,VISUAL EFFECTS,Rich McBride/Matthew Shumway/Jason Smith/Cameron Waldbauer,The Revenant,False,80
2015,2016,88,VISUAL EFFECTS,Roger Guyett/Patrick Tubach/Neal Scanlan/Chris Corbould,Star Wars: The Force Awakens,False,81
2015,2016,88,WRITING (Adapted Screenplay),Charles Randolph/Adam McKay,The Big Short,True,82
2015,2016,88,WRITING (Adapted Screenplay),Nick Hornby,Brooklyn,False,83
2015,2016,88,WRITING (Adapted Screenplay),Phyllis Nagy,Carol,False,84
2015,2016,88,WRITING (Adapted Screenplay),Drew Goddard,The Martian,False,85
2015,2016,88,WRITING (Adapted Screenplay),Emma Donoghue,Room,False,86
2015,2016,88,WRITING (Original Screenplay),Matt Charman/Ethan Coen/Joel Coen,Bridge of Spies,False,87
2015,2016,88,WRITING (Original Screenplay),Alex Garland,Ex Machina,False,88
2015,2016,88,WRITING (Original Screenplay),Pete Docter/Meg LeFauve/Josh Cooley/Ronnie del Carmen,Inside Out,False,89
2015,2016,88,WRITING (Original Screenplay),Josh Singer/Tom McCarthy,Spotlight,True,90
2015,2016,88,WRITING (Original Screenplay),Jonathan Herman/Andrea Berloff/S. Leigh Savidge/Alan Wenkus,Straight Outta Compton,False,91
2016,2017,89,ACTOR IN A LEADING ROLE,Casey Affleck,Manchester by the Sea,True,92
2016,2017,89,ACTOR IN A LEADING ROLE,Andrew Garfield,Hacksaw Ridge,False,93
2016,2017,89,ACTOR IN A LEADING ROLE,Ryan Gosling,La La Land,False,94
2016,2017,89,ACTOR IN A LEADING ROLE,Viggo Mortensen,Captain Fantastic,False,95
2016,2017,89,ACTOR IN A LEADING ROLE,Denzel Washington,Fences,False,96
2016,2017,89,ACTOR IN A SUPPORTING ROLE,Mahershala Ali,Moonlight,True,97
2016,2017,89,ACTOR IN A SUPPORTING ROLE,Jeff Bridges,Hell or High Water,False,98
2016,2017,89,ACTOR IN A SUPPORTING ROLE,Lucas Hedges,Manchester by the Sea,False,99
2016,2017,89,ACTOR IN A SUPPORTING ROLE,Dev Patel,Lion,False,100
2016,2017,89,ACTRESS IN A LEADING ROLE,Isabelle Huppert,Elle,False,101
2016,2017,89,ACTRESS IN A LEADING ROLE,Ruth Negga,Loving,False,102
2016,2017,89,ACTRESS IN A LEADING ROLE,Natalie Portman,Jackie,False,103
2016,2017,89,ACTRESS IN A LEADING ROLE,Emma Stone,La La Land,True,104
2016,2017,89,ACTRESS IN A LEADING ROLE,Meryl Streep,Florence Foster Jenkins,False,105
2016,2017,89,ACTRESS IN A SUPPORTING ROLE,Viola Davis,Fences,True,106
2016,2017,89,ACTRESS IN A SUPPORTING ROLE,Naomie Harris,Moonlight,False,107
2016,2017,89,ACTRESS IN A SUPPORTING ROLE,Nicole Kidman,Lion,False,108
2016,2017,89,ACTRESS IN A SUPPORTING ROLE,Octavia Spencer,Hidden Figures,False,109
2016,2017,89,ACTRESS IN A SUPPORTING ROLE,Michelle Williams,Manchester by the Sea,False,110
2016,2017,89,ANIMATED FEATURE FILM,Travis Knight/Arianne Sutner,Kubo and the Two Strings,False,111
2016,2017,89,ANIMATED FEATURE FILM,John Musker/Ron Clements/Osnat Shurer,Moana,False,112
2016,2017,89,ANIMATED FEATURE FILM,Claude Barras/Max Karli,My Life as a Zucchini,False,113
2016,2017,89,ANIMATED FEATURE FILM,Michael Dudok de Wit/Toshio Suzuki,The Red Turtle,False,114
2016,2017,89,ANIMATED FEATURE FILM,Byron Howard/Rich Moore/Clark Spencer,Zootopia,True,115
2016,2017,89,CINEMATOGRAPHY,Bradford Young,Arrival,False,116
2016,2017,89,CINEMATOGRAPHY,Linus Sandgren,La La Land,True,117
2016,2017,89,CINEMATOGRAPHY,Greig Fraser,Lion,False,118
2016,2017,89,CINEMATOGRAPHY,James Laxton,Moonlight,False,119
2016,2017,89,CINEMATOGRAPHY,Rodrigo Prieto,Silence,False,120
2016,2017,89,COSTUME DESIGN,Consolata Boyle,Florence Foster Jenkins,False,121
2016,2017,89,COSTUME DESIGN,Madeline Fontaine,Jackie,False,122
2016,2017,89,COSTUME DESIGN,Mary Zophres,La La Land,False,123
2016,2017,89,DIRECTING,Denis Villeneuve,Arrival,False,124
2016,2017,89,DIRECTING,Mel Gibson,Hacksaw Ridge,False,125
2016,2017,89,DIRECTING,Damien Chazelle,La La Land,True,126
2016,2017,89,DIRECTING,Kenneth Lonergan,Manchester by the Sea,False,127
2016,2017,89,DIRECTING,Barry Jenkins,Moonlight,False,128
2016,2017,89,DOCUMENTARY (Feature),Gianfranco Rosi/Donatella Palermo,Fire at Sea,False,129
2016,2017,89,DOCUMENTARY (Feature),Raoul Peck/Rémi Grellety/Hébert Peck,I Am Not Your Negro,False,130
2016,2017,89,DOCUMENTARY (Feature),Roger Ross Williams/Julie Goldman,"Life, Animated",False,131
2016,2017,89,FILM EDITING,Joe Walker,Arrival,False,132
2016,2017,89,FILM EDITING,John Gilbert,Hacksaw Ridge,True,133
2016,2017,89,FILM EDITING,Jake Roberts,Hell or High Water,False,134
2016,2017,89,FILM EDITING,Tom Cross,La La Land,False,135
2016,2017,89,FILM EDITING,Nat Sanders/Joi McMillon,Moonlight,False,136
2016,2017,89,INTERNATIONAL FEATURE FILM,Denmark,Land of Mine,False,137
2016,2017,89,INTERNATIONAL FEATURE FILM,Sweden,A Man Called Ove,False,138
2016,2017,89,INTERNATIONAL FEATURE FILM,Iran,The Salesman,True,139
2016,2017,89,INTERNATIONAL FEATURE FILM,Germany,Toni Erdmann,False,140
2016,2017,89,MAKEUP AND HAIRSTYLING,Eva von Bahr/Love Larson,A Man Called Ove,False,141
2016,2017,89,MAKEUP AND HAIRSTYLING,Joel Harlow/Richard Alonzo,Star Trek Beyond,False,142
2016,2017,89,MUSIC (Original Score),Mica Levi,Jackie,False,143
2016,2017,89,MUSIC (Original Score),Justin Hurwitz,La La Land,True,144
2016,2017,89,MUSIC (Original Score),Dustin O'Halloran/Hauschka,Lion,False,145
2016,2017,89,MUSIC (Original Score),Nicholas Britell,Moonlight,False,146
2016,2017,89,MUSIC (Original Song),Justin Hurwitz/Benj Pasek/Justin Paul,La La Land,False,147
2016,2017,89,MUSIC (Original Song),Justin Hurwitz/Benj Pasek/Justin Paul,La La Land,True,148
2016,2017,89,MUSIC (Original Song),Lin-Manuel Miranda,Moana,False,149
2016,2017,89,BEST PICTURE,Shawn Levy/Dan Levine/Aaron Ryder/David Linde,Arrival,False,150
2016,2017,89,BEST PICTURE,Scott Rudin/Denzel Washington/Todd Black,Fences,False,151
2016,2017,89,BEST PICTURE,Bill Mechanic/David Permut,Hacksaw Ridge,False,152
2016,2017,89,BEST PICTURE,Carla Hacken/Julie Yorn,Hell or High Water,False,153
2016,2017,89,BEST PICTURE,Donna Gigliotti/Peter Chernin/Jenno Topping/Pharrell Williams/Theodore Melfi,Hidden Figures,False,154
2016,2017,89,BEST PICTURE,Fred Berger/Jordan Horowitz/Marc Platt,La La Land,False,155
2016,2017,89,BEST PICTURE,Emile Sherman/Iain Canning/Angie Fielder,Lion,False,156
2016,2017,89,BEST PICTURE,Matt Damon/Kimberly Steward/Chris Moore/Lauren Beck/Kevin J. Walsh,Manchester by the Sea,False,157
2016,2017,89,BEST PICTURE,Adele Romanski/Dede Gardner/Jeremy Kleiner,Moonlight,True,158
2016,2017,89,ART DIRECTION,Patrice Vermette/Paul Hotte,Arrival,False,159
2016,2017,89,ART DIRECTION,Jess Gonchor/Nancy Haigh,"Hail, Caesar!",False,160
2016,2017,89,ART DIRECTION,David Wasco/Sandy Reynolds-Wasco,La La Land,True,161
2016,2017,89,SHORT FILM (Animated),Patrick Osborne,Pearl,False,162
2016,2017,89,SOUND EDITING,Sylvain Bellemare,Arrival,True,163
2016,2017,89,SOUND EDITING,Wylie Stateman/Renée Tondelli,Deepwater Horizon,False,164
2016,2017,89,SOUND EDITING,Robert Mackenzie/Andy Wright,Hacksaw Ridge,False,165
2016,2017,89,SOUND EDITING,Ai-Ling Lee/Mildred Iatrou Morgan,La La Land,False,166
2016,2017,89,SOUND EDITING,Alan Robert Murray/Bub Asman,Sully,False,167
2016,2017,89,SOUND MIXING,Bernard Gariépy Strobl/Claude La Haye,Arrival,False,168
2016,2017,89,SOUND MIXING,Kevin O'Connell/Andy Wright/Robert Mackenzie/Peter Grace,Hacksaw Ridge,True,169
2016,2017,89,SOUND MIXING,Andy Nelson/Ai-Ling Lee/Steve A. Morrow,La La Land,False,170
2016,2017,89,SOUND MIXING,David Parker/Christopher Scarabosio/Stuart Wilson,Rogue One: A Star Wars Story,False,171
2016,2017,89,SOUND MIXING,Gary Summers/Jeffrey J. Haboush/Mac Ruth,13 Hours: The Secret Soldiers of Benghazi,False,172
2016,2017,89,VISUAL EFFECTS,Craig Hammack/Jason Snell/Jason Billington/Burt Dalton,Deepwater Horizon,False,173
2016,2017,89,VISUAL EFFECTS,Stephane Ceretti/Richard Bluff/Vincent Cirelli/Paul Corbould,Doctor Strange,False,174
2016,2017,89,VISUAL EFFECTS,Robert Legato/Adam Valdez/Andrew R. Jones/Dan Lemmon,The Jungle Book,True,175
2016,2017,89,VISUAL EFFECTS,Steve Emerson/Oliver Jones/Brian McLean/Brad Schiff,Kubo and the Two Strings,False,176
2016,2017,89,VISUAL EFFECTS,John Knoll/Mohen Leo/Hal Hickel/Neil Corbould,Rogue One: A Star Wars Story,False,177
2016,2017,89,WRITING (Adapted Screenplay),Eric Heisserer,Arrival,False,178
2016,2017,89,WRITING (Adapted Screenplay),August Wilson,Fences,False,179
2016,2017,89,WRITING (Adapted Screenplay),Allison Schroeder/Theodore Melfi,Hidden Figures,False,180
2016,2017,89,WRITING (Adapted Screenplay),Luke Davies,Lion,False,181
2016,2017,89,WRITING (Adapted Screenplay),Barry Jenkins/Tarell Alvin McCraney,Moonlight,True,182
2016,2017,89,WRITING (Original Screenplay),Taylor Sheridan,Hell or High Water,False,183
2016,2017,89,WRITING (Original Screenplay),Damien Chazelle,La La Land,False,184
2016,2017,89,WRITING (Original Screenplay),Yorgos Lanthimos/Efthimis Filippou,The Lobster,False,185
2016,2017,89,WRITING (Original Screenplay),Kenneth Lonergan,Manchester by the Sea,True,186
2016,2017,89,WRITING (Original Screenplay),Mike Mills,20th Century Women,False,187
2017,2018,90,ACTOR IN A LEADING ROLE,Timothée Chalamet,Call Me by Your Name,False,188
2017,2018,90,ACTOR IN A LEADING ROLE,Daniel Day-Lewis,Phantom Thread,False,189
2017,2018,90,ACTOR IN A LEADING ROLE,Daniel Kaluuya,Get Out,False,190
2017,2018,90,ACTOR IN A LEADING ROLE,Gary Oldman,Darkest Hour,True,191
2017,2018,90,ACTOR IN A SUPPORTING ROLE,Willem Dafoe,The Florida Project,False,192
2017,2018,90,ACTOR IN A SUPPORTING ROLE,Richard Jenkins,The Shape of Water,False,193
2017,2018,90,ACTRESS IN A LEADING ROLE,Sally Hawkins,The Shape of Water,False,194
2017,2018,90,ACTRESS IN A LEADING ROLE,Margot Robbie,"I, Tonya",False,195
2017,2018,90,ACTRESS IN A LEADING ROLE,Meryl Streep,The Post,False,196
2017,2018,90,ACTRESS IN A SUPPORTING ROLE,Mary J. Blige,Mudbound,False,197
2017,2018,90,ACTRESS IN A SUPPORTING ROLE,Allison Janney,"I, Tonya",True,198
2017,2018,90,ACTRESS IN A SUPPORTING ROLE,Lesley Manville,Phantom Thread,False,199
2017,2018,90,ACTRESS IN A SUPPORTING ROLE,Octavia Spencer,The Shape of Water,False,200
2017,2018,90,ANIMATED FEATURE FILM,Nora Twomey/Anthony Leo,The Breadwinner,False,201
2017,2018,90,ANIMATED FEATURE FILM,Lee Unkrich/Darla K. Anderson,Coco,True,202
2017,2018,90,ANIMATED FEATURE FILM,Dorota Kobiela/Hugh Welchman/Ivan Mactaggart,Loving Vincent,False,203
2017,2018,90,CINEMATOGRAPHY,Roger A. Deakins,Blade Runner 2049,True,204
2017,2018,90,CINEMATOGRAPHY,Bruno Delbonnel,Darkest Hour,False,205
2017,2018,90,CINEMATOGRAPHY,Hoyte van Hoytema,Dunkirk,False,206
2017,2018,90,CINEMATOGRAPHY,Rachel Morrison,Mudbound,False,207
2017,2018,90,CINEMATOGRAPHY,Dan Laustsen,The Shape of Water,False,208
2017,2018,90,COSTUME DESIGN,Jacqueline Durran,Darkest Hour,False,209
2017,2018,90,COSTUME DESIGN,Mark Bridges,Phantom Thread,True,210
2017,2018,90,COSTUME DESIGN,Luis Sequeira,The Shape of Water,False,211
2017,2018,90,DIRECTING,Christopher Nolan,Dunkirk,False,212
2017,2018,90,DIRECTING,Jordan Peele,Get Out,False,213
2017,2018,90,DIRECTING,Paul Thomas Anderson,Phantom Thread,False,214
2017,2018,90,DIRECTING,Guillermo del Toro,The Shape of Water,True,215
2017,2018,90,DOCUMENTARY (Feature),Steve James/Mark Mitten/Julie Goldman,Abacus: Small Enough to Jail,False,216
2017,2018,90,DOCUMENTARY (Feature),Agnès Varda/JR/Rosalie Varda,Faces Places,False,217
2017,2018,90,DOCUMENTARY (Feature),Feras Fayyad/Kareem Abeed/Søren Steen Jespersen,Last Men in Aleppo,False,218
2017,2018,90,DOCUMENTARY (Feature),Yance Ford/Joslyn Barnes,Strong Island,False,219
2017,2018,90,FILM EDITING,Paul Machliss/Jonathan Amos,Baby Driver,False,220
2017,2018,90,FILM EDITING,Lee Smith,Dunkirk,True,221
2017,2018,90,FILM EDITING,Tatiana S. Riegel,"I, Tonya",False,222
2017,2018,90,FILM EDITING,Sidney Wolinsky,The Shape of Water,False,223
2017,2018,90,INTERNATIONAL FEATURE FILM,Chile,A Fantastic Woman,True,224
2017,2018,90,INTERNATIONAL FEATURE FILM,Lebanon,The Insult,False,225
2017,2018,90,INTERNATIONAL FEATURE FILM,Russia,Loveless,False,226
2017,2018,90,INTERNATIONAL FEATURE FILM,Sweden,The Square,False,227
2017,2018,90,MAKEUP AND HAIRSTYLING,Kazuhiro Tsuji/David Malinowski/Lucy Sibbick,Darkest Hour,True,228
2017,2018,90,MAKEUP AND HAIRSTYLING,Arjen Tuiten,Wonder,False,229
2017,2018,90,MUSIC (Original Score),Hans Zimmer,Dunkirk,False,230
2017,2018,90,MUSIC (Original Score),Jonny Greenwood,Phantom Thread,False,231
2017,2018,90,MUSIC (Original Score),Alexandre Desplat,The Shape of Water,True,232
2017,2018,90,MUSIC (Original Score),John Williams,Star Wars: The Last Jedi,False,233
2017,2018,90,MUSIC (Original Song),Mary J. Blige/Raphael Saadiq/Taura Stinson,Mudbound,False,234
2017,2018,90,MUSIC (Original Song),Sufjan Stevens,Call Me by Your Name,False,235
2017,2018,90,MUSIC (Original Song),Kristen Anderson-Lopez/Robert Lopez,Coco,True,236
2017,2018,90,MUSIC (Original Song),Diane Warren/Lonnie R. Lynn,Marshall,False,237
2017,2018,90,MUSIC (Original Song),Benj Pasek/Justin Paul,The Greatest Showman,False,238
2017,2018,90,BEST PICTURE,Peter Spears/Luca Guadagnino/Emilie Georges/Marco Morabito,Call Me by Your Name,False,239
2017,2018,90,BEST PICTURE,Tim Bevan/Eric Fellner/Lisa Bruce/Anthony McCarten/Douglas Urbanski,Darkest Hour,False,240
2017,2018,90,BEST PICTURE,Emma Thomas/Christopher Nolan,Dunkirk,False,241
2017,2018,90,BEST PICTURE,Sean McKittrick/Jason Blum/Edward H. Hamm Jr./Jordan Peele,Get Out,False,242
2017,2018,90,BEST PICTURE,JoAnne Sellar/Paul Thomas Anderson/Megan Ellison/Daniel Lupi,Phantom Thread,False,243
2017,2018,90,BEST PICTURE,Amy Pascal/Steven Spielberg/Kristie Macosko Krieger,The Post,False,244
2017,2018,90,BEST PICTURE,Guillermo del Toro/J. Miles Dale,The Shape of Water,True,245
2017,2018,90,ART DIRECTION,Dennis Gassner/Alessandra Querzola,Blade Runner 2049,False,246
2017,2018,90,ART DIRECTION,Sarah Greenwood/Katie Spencer,Darkest Hour,False,247
2017,2018,90,ART DIRECTION,Nathan Crowley/Gary Fettis,Dunkirk,False,248
2017,2018,90,ART DIRECTION,Paul Denham Austerberry/Shane Vieau/Jeffrey A. Melvin,The Shape of Water,True,249
2017,2018,90,SHORT FILM (Live Action),Chris Overton/Rachel Shenton,The Silent Child,True,250
2017,2018,90,SOUND EDITING,Julian Slater,Baby Driver,False,251
2017,2018,90,SOUND EDITING,Mark Mangini/Theo Green,Blade Runner 2049,False,252
2017,2018,90,SOUND EDITING,Richard King/Alex Gibson,Dunkirk,True,253
2017,2018,90,SOUND EDITING,Nathan Robitaille/Nelson Ferreira,The Shape of Water,False,254
2017,2018,90,SOUND EDITING,Matthew Wood/Ren Klyce,Star Wars: The Last Jedi,False,255
2017,2018,90,SOUND MIXING,Julian Slater/Tim Cavagin/Mary H. Ellis,Baby Driver,False,256
2017,2018,90,SOUND MIXING,Ron Bartlett/Doug Hemphill/Mac Ruth,Blade Runner 2049,False,257
2017,2018,90,SOUND MIXING,Gregg Landaker/Gary A. Rizzo/Mark Weingarten,Dunkirk,True,258
2017,2018,90,SOUND MIXING,Christian Cooke/Brad Zoern/Glen Gauthier,The Shape of Water,False,259
2017,2018,90,SOUND MIXING,David Parker/Michael Semanick/Ren Klyce/Stuart Wilson,Star Wars: The Last Jedi,False,260
2017,2018,90,VISUAL EFFECTS,John Nelson/Gerd Nefzer/Paul Lambert/Richard R. Hoover,Blade Runner 2049,True,261
2017,2018,90,VISUAL EFFECTS,Christopher Townsend/Guy Williams/Jonathan Fawkner/Dan Sudick,Guardians of the Galaxy Vol. 2,False,262
2017,2018,90,VISUAL EFFECTS,Ben Morris/Mike Mulholland/Neal Scanlan/Chris Corbould,Star Wars: The Last Jedi,False,263
2017,2018,90,VISUAL EFFECTS,Joe Letteri/Daniel Barrett/Dan Lemmon/Joel Whist,War for the Planet of the Apes,False,264
2017,2018,90,WRITING (Adapted Screenplay),James Ivory,Call Me by Your Name,True,265
2017,2018,90,WRITING (Adapted Screenplay),Scott Neustadter/Michael H. Weber,The Disaster Artist,False,266
2017,2018,90,WRITING (Adapted Screenplay),Scott Frank/James Mangold/Michael Green,Logan,False,267
2017,2018,90,WRITING (Adapted Screenplay),Aaron Sorkin,Molly's Game,False,268
2017,2018,90,WRITING (Adapted Screenplay),Virgil Williams/Dee Rees,Mudbound,False,269
2017,2018,90,WRITING (Original Screenplay),Emily V. Gordon/Kumail Nanjiani,The Big Sick,False,270
2017,2018,90,WRITING (Original Screenplay),Jordan Peele,Get Out,True,271
2017,2018,90,WRITING (Original Screenplay),Guillermo del Toro/Vanessa Taylor,The Shape of Water,False,272
2018,2019,91,ACTOR IN A LEADING ROLE,Bradley Cooper,A Star Is Born,False,273
2018,2019,91,ACTOR IN A LEADING ROLE,Rami Malek,Bohemian Rhapsody,True,274
2018,2019,91,ACTOR IN A LEADING ROLE,Viggo Mortensen,Green Book,False,275
2018,2019,91,ACTOR IN A SUPPORTING ROLE,Mahershala Ali,Green Book,True,276
2018,2019,91,ACTOR IN A SUPPORTING ROLE,Adam Driver,BlacKkKlansman,False,277
2018,2019,91,ACTOR IN A SUPPORTING ROLE,Sam Elliott,A Star Is Born,False,278
2018,2019,91,ACTOR IN A SUPPORTING ROLE,Richard E. Grant,Can You Ever Forgive Me?,False,279
2018,2019,91,ACTRESS IN A LEADING ROLE,Yalitza Aparicio,Roma,False,280
2018,2019,91,ACTRESS IN A LEADING ROLE,Glenn Close,The Wife,False,281
2018,2019,91,ACTRESS IN A LEADING ROLE,Olivia Colman,The Favourite,True,282
2018,2019,91,ACTRESS IN A LEADING ROLE,Lady Gaga,A Star Is Born,False,283
2018,2019,91,ACTRESS IN A LEADING ROLE,Melissa McCarthy,Can You Ever Forgive Me?,False,284
2018,2019,91,ACTRESS IN A SUPPORTING ROLE,Marina de Tavira,Roma,False,285
2018,2019,91,ACTRESS IN A SUPPORTING ROLE,Regina King,If Beale Street Could Talk,True,286
2018,2019,91,ACTRESS IN A SUPPORTING ROLE,Emma Stone,The Favourite,False,287
2018,2019,91,ACTRESS IN A SUPPORTING ROLE,Rachel Weisz,The Favourite,False,288
2018,2019,91,ANIMATED FEATURE FILM,Brad Bird/John Walker/Nicole Paradis Grindle,Incredibles 2,False,289
2018,2019,91,ANIMATED FEATURE FILM,Wes Anderson/Scott Rudin/Steven Rales/Jeremy Dawson,Isle of Dogs,False,290
2018,2019,91,ANIMATED FEATURE FILM,Mamoru Hosoda/Yuichiro Saito,Mirai,False,291
2018,2019,91,ANIMATED FEATURE FILM,Rich Moore/Phil Johnston/Clark Spencer,Ralph Breaks the Internet,False,292
2018,2019,91,ANIMATED FEATURE FILM,Bob Persichetti/Peter Ramsey/Rodney Rothman/Phil Lord/Christopher Miller,Spider-Man: Into the Spider-Verse,True,293
2018,2019,91,CINEMATOGRAPHY,Lukasz Zal,Cold War,False,294
2018,2019,91,CINEMATOGRAPHY,Robbie Ryan,The Favourite,False,295
2018,2019,91,CINEMATOGRAPHY,Caleb Deschanel,Never Look Away,False,296
2018,2019,91,CINEMATOGRAPHY,Alfonso Cuarón,Roma,True,297
2018,2019,91,CINEMATOGRAPHY,Matthew Libatique,A Star Is Born,False,298
2018,2019,91,COSTUME DESIGN,Mary Zophres,The Ballad of Buster Scruggs,False,299
2018,2019,91,COSTUME DESIGN,Ruth Carter,Black Panther,True,300
2018,2019,91,COSTUME DESIGN,Sandy Powell,The Favourite,False,301
2018,2019,91,DIRECTING,Spike Lee,BlacKkKlansman,False,302
2018,2019,91,DIRECTING,Pawel Pawlikowski,Cold War,False,303
2018,2019,91,DIRECTING,Yorgos Lanthimos,The Favourite,False,304
2018,2019,91,DIRECTING,Alfonso Cuarón,Roma,True,305
2018,2019,91,DOCUMENTARY (Feature),Elizabeth Chai Vasarhelyi/Jimmy Chin/Evan Hayes/Shannon Dill,Free Solo,True,306
2018,2019,91,DOCUMENTARY (Feature),RaMell Ross/Joslyn Barnes/Su Kim,"Hale County This Morning, This Evening",False,307
2018,2019,91,DOCUMENTARY (Feature),Bing Liu/Diane Quon,Minding the Gap,False,308
2018,2019,91,DOCUMENTARY (Feature),Talal Derki/Ansgar Frerich/Eva Kemme/Tobias N. Siebert,Of Fathers and Sons,False,309
2018,2019,91,DOCUMENTARY (Feature),Betsy West/Julie Cohen,RBG,False,310
2018,2019,91,FILM EDITING,Barry Alexander Brown,BlacKkKlansman,False,311
2018,2019,91,FILM EDITING,John Ottman,Bohemian Rhapsody,True,312
2018,2019,91,FILM EDITING,Yorgos Mavropsaridis,The Favourite,False,313
2018,2019,91,FILM EDITING,Patrick J. Don Vito,Green Book,False,314
2018,2019,91,INTERNATIONAL FEATURE FILM,Lebanon,Capernaum,False,315
2018,2019,91,INTERNATIONAL FEATURE FILM,Poland,Cold War,False,316
2018,2019,91,INTERNATIONAL FEATURE FILM,Germany,Never Look Away,False,317
2018,2019,91,INTERNATIONAL FEATURE FILM,Mexico,Roma,True,318
2018,2019,91,INTERNATIONAL FEATURE FILM,Japan,Shoplifters,False,319
2018,2019,91,MAKEUP AND HAIRSTYLING,Göran Lundström/Pamela Goldammer,Border,False,320
2018,2019,91,MUSIC (Original Score),Ludwig Goransson,Black Panther,True,321
2018,2019,91,MUSIC (Original Score),Terence Blanchard,BlacKkKlansman,False,322
2018,2019,91,MUSIC (Original Score),Nicholas Britell,If Beale Street Could Talk,False,323
2018,2019,91,MUSIC (Original Score),Alexandre Desplat,Isle of Dogs,False,324
2018,2019,91,MUSIC (Original Song),"Kendrick Lamar/Mark ""Sounwave"" Spears/Anthony ""Top Dawg"" Tiffith/SZA",Black Panther,False,325
2018,2019,91,MUSIC (Original Song),Diane Warren,RBG,False,326
2018,2019,91,MUSIC (Original Song),Lady Gaga/Mark Ronson/Anthony Rossomando/Andrew Wyatt,A Star Is Born,True,327
2018,2019,91,MUSIC (Original Song),Gillian Welch/David Rawlings,The Ballad of Buster Scruggs,False,328
2018,2019,91,BEST PICTURE,Kevin Feige,Black Panther,False,329
2018,2019,91,BEST PICTURE,Sean McKittrick/Jason Blum/Raymond Mansfield/Jordan Peele/Spike Lee,BlacKkKlansman,False,330
2018,2019,91,BEST PICTURE,Graham King,Bohemian Rhapsody,False,331
2018,2019,91,BEST PICTURE,Ceci Dempsey/Ed Guiney/Lee Magiday/Yorgos Lanthimos,The Favourite,False,332
2018,2019,91,BEST PICTURE,Jim Burke/Charles B. Wessler/Brian Currie/Peter Farrelly/Nick Vallelonga,Green Book,True,333
2018,2019,91,BEST PICTURE,Gabriela Rodríguez/Alfonso Cuarón,Roma,False,334
2018,2019,91,BEST PICTURE,Bill Gerber/Bradley Cooper/Lynette Howell Taylor,A Star Is Born,False,335
2018,2019,91,ART DIRECTION,Hannah Beachler/Jay Hart,Black Panther,True,336
2018,2019,91,ART DIRECTION,Fiona Crombie/Alice Felton,The Favourite,False,337
2018,2019,91,ART DIRECTION,Nathan Crowley/Kathy Lucas,First Man,False,338
2018,2019,91,ART DIRECTION,Eugenio Caballero/Bárbara Enríquez,Roma,False,339
2018,2019,91,SHORT FILM (Live Action),Marianne Farley/Marie-Hélène Panisset,Marguerite,False,340
2018,2019,91,SHORT FILM (Live Action),Guy Nattiv/Jaime Ray Newman,Skin,True,341
2018,2019,91,SOUND EDITING,Benjamin A. Burtt/Steve Boeddeker,Black Panther,False,342
2018,2019,91,SOUND EDITING,John Warhurst/Nina Hartstone,Bohemian Rhapsody,True,343
2018,2019,91,SOUND EDITING,Ai-Ling Lee/Mildred Iatrou Morgan,First Man,False,344
2018,2019,91,SOUND EDITING,Ethan Van der Ryn/Erik Aadahl,A Quiet Place,False,345
2018,2019,91,SOUND EDITING,Sergio Díaz/Skip Lievsay,Roma,False,346
2018,2019,91,SOUND MIXING,Steve Boeddeker/Brandon Proctor/Peter Devlin,Black Panther,False,347
2018,2019,91,SOUND MIXING,Paul Massey/Tim Cavagin/John Casali,Bohemian Rhapsody,True,348
2018,2019,91,SOUND MIXING,Jon Taylor/Frank A. Montaño/Ai-Ling Lee/Mary H. Ellis,First Man,False,349
2018,2019,91,SOUND MIXING,Skip Lievsay/Craig Henighan/José Antonio García,Roma,False,350
2018,2019,91,SOUND MIXING,Tom Ozanich/Dean Zupancic/Jason Ruder/Steve Morrow,A Star Is Born,False,351
2018,2019,91,VISUAL EFFECTS,Dan DeLeeuw/Kelly Port/Russell Earl/Dan Sudick,Avengers: Infinity War,False,352
2018,2019,91,VISUAL EFFECTS,Christopher Lawrence/Michael Eames/Theo Jones/Chris Corbould,Christopher Robin,False,353
2018,2019,91,VISUAL EFFECTS,Paul Lambert/Ian Hunter/Tristan Myles/J.D. Schwalm,First Man,True,354
2018,2019,91,WRITING (Adapted Screenplay),Joel Coen/Ethan Coen,The Ballad of Buster Scruggs,False,355
2018,2019,91,WRITING (Adapted Screenplay),Charlie Wachtel/David Rabinowitz/Kevin Willmott/Spike Lee,BlacKkKlansman,True,356
2018,2019,91,WRITING (Adapted Screenplay),Nicole Holofcener/Jeff Whitty,Can You Ever Forgive Me?,False,357
2018,2019,91,WRITING (Adapted Screenplay),Barry Jenkins,If Beale Street Could Talk,False,358
2018,2019,91,WRITING (Adapted Screenplay),Eric Roth/Bradley Cooper/Will Fetters,A Star Is Born,False,359
2018,2019,91,WRITING (Original Screenplay),Deborah Davis/Tony McNamara,The Favourite,False,360
2018,2019,91,WRITING (Original Screenplay),Paul Schrader,First Reformed,False,361
2018,2019,91,WRITING (Original Screenplay),Nick Vallelonga/Brian Currie/Peter Farrelly,Green Book,True,362
2018,2019,91,WRITING (Original Screenplay),Alfonso Cuarón,Roma,False,363
2019,2020,92,ACTOR IN A LEADING ROLE,Antonio Banderas,Pain and Glory,False,364
2019,2020,92,ACTOR IN A LEADING ROLE,Adam Driver,Marriage Story,False,365
2019,2020,92,ACTOR IN A LEADING ROLE,Joaquin Phoenix,Joker,True,366
2019,2020,92,ACTOR IN A LEADING ROLE,Jonathan Pryce,The Two Popes,False,367
2019,2020,92,ACTOR IN A SUPPORTING ROLE,Tom Hanks,A Beautiful Day in the Neighborhood,False,368
2019,2020,92,ACTOR IN A SUPPORTING ROLE,Anthony Hopkins,The Two Popes,False,369
2019,2020,92,ACTOR IN A SUPPORTING ROLE,Al Pacino,The Irishman,False,370
2019,2020,92,ACTOR IN A SUPPORTING ROLE,Joe Pesci,The Irishman,False,371
2019,2020,92,ACTRESS IN A LEADING ROLE,Cynthia Erivo,Harriet,False,372
2019,2020,92,ACTRESS IN A LEADING ROLE,Scarlett Johansson,Marriage Story,False,373
2019,2020,92,ACTRESS IN A LEADING ROLE,Saoirse Ronan,Little Women,False,374
2019,2020,92,ACTRESS IN A LEADING ROLE,Charlize Theron,Bombshell,False,375
2019,2020,92,ACTRESS IN A LEADING ROLE,Renée Zellweger,Judy,True,376
2019,2020,92,ACTRESS IN A SUPPORTING ROLE,Kathy Bates,Richard Jewell,False,377
2019,2020,92,ACTRESS IN A SUPPORTING ROLE,Laura Dern,Marriage Story,True,378
2019,2020,92,ACTRESS IN A SUPPORTING ROLE,Scarlett Johansson,Jojo Rabbit,False,379
2019,2020,92,ACTRESS IN A SUPPORTING ROLE,Florence Pugh,Little Women,False,380
2019,2020,92,ACTRESS IN A SUPPORTING ROLE,Margot Robbie,Bombshell,False,381
2019,2020,92,ANIMATED FEATURE FILM,Dean DeBlois/Bradford Lewis/Bonnie Arnold,How to Train Your Dragon: The Hidden World,False,382
2019,2020,92,ANIMATED FEATURE FILM,Jérémy Clapin/Marc du Pontavice,I Lost My Body,False,383
2019,2020,92,ANIMATED FEATURE FILM,Sergio Pablos/Jinko Gotoh/Marisa Román,Klaus,False,384
2019,2020,92,ANIMATED FEATURE FILM,Chris Butler/Arianne Sutner/Travis Knight,Missing Link,False,385
2019,2020,92,ANIMATED FEATURE FILM,Josh Cooley/Mark Nielsen/Jonas Rivera,Toy Story 4,True,386
2019,2020,92,CINEMATOGRAPHY,Rodrigo Prieto,The Irishman,False,387
2019,2020,92,CINEMATOGRAPHY,Lawrence Sher,Joker,False,388
2019,2020,92,CINEMATOGRAPHY,Jarin Blaschke,The Lighthouse,False,389
2019,2020,92,CINEMATOGRAPHY,Roger Deakins,1917,True,390
2019,2020,92,COSTUME DESIGN,Sandy Powell/Christopher Peterson,The Irishman,False,391
2019,2020,92,COSTUME DESIGN,Mayes C. Rubeo,Jojo Rabbit,False,392
2019,2020,92,COSTUME DESIGN,Mark Bridges,Joker,False,393
2019,2020,92,COSTUME DESIGN,Jacqueline Durran,Little Women,True,394
2019,2020,92,DIRECTING,Martin Scorsese,The Irishman,False,395
2019,2020,92,DIRECTING,Todd Phillips,Joker,False,396
2019,2020,92,DIRECTING,Sam Mendes,1917,False,397
2019,2020,92,DIRECTING,Bong Joon Ho,Parasite,True,398
2019,2020,92,DOCUMENTARY (Feature),Steven Bognar/Julia Reichert/Jeff Reichert,American Factory,True,399
2019,2020,92,DOCUMENTARY (Feature),Petra Costa/Joanna Natasegara/Shane Boris/Tiago Pavan,The Edge of Democracy,False,400
2019,2020,92,DOCUMENTARY (Feature),Waad al-Kateab/Edward Watts,For Sama,False,401
2019,2020,92,DOCUMENTARY (Feature),Ljubo Stefanov/Tamara Kotevska/Atanas Georgiev,Honeyland,False,402
2019,2020,92,FILM EDITING,Michael McCusker/Andrew Buckland,Ford v Ferrari,True,403
2019,2020,92,FILM EDITING,Thelma Schoonmaker,The Irishman,False,404
2019,2020,92,FILM EDITING,Tom Eagles,Jojo Rabbit,False,405
2019,2020,92,FILM EDITING,Jeff Groth,Joker,False,406
2019,2020,92,FILM EDITING,Yang Jinmo,Parasite,False,407
2019,2020,92,INTERNATIONAL FEATURE FILM,Poland,Corpus Christi,False,408
2019,2020,92,INTERNATIONAL FEATURE FILM,North Macedonia,Honeyland,False,409
2019,2020,92,INTERNATIONAL FEATURE FILM,Spain,Pain and Glory,False,410
2019,2020,92,INTERNATIONAL FEATURE FILM,South Korea,Parasite,True,411
2019,2020,92,MAKEUP AND HAIRSTYLING,Kazu Hiro/Anne Morgan/Vivian Baker,Bombshell,True,412
2019,2020,92,MAKEUP AND HAIRSTYLING,Nicki Ledermann/Kay Georgiou,Joker,False,413
2019,2020,92,MAKEUP AND HAIRSTYLING,Jeremy Woodhead,Judy,False,414
2019,2020,92,MAKEUP AND HAIRSTYLING,Paul Gooch/Arjen Tuiten/David White,Maleficent: Mistress of Evil,False,415
2019,2020,92,MAKEUP AND HAIRSTYLING,Naomi Donne/Tristan Versluis/Rebecca Cole,1917,False,416
2019,2020,92,MUSIC (Original Score),Hildur Guðnadóttir,Joker,True,417
2019,2020,92,MUSIC (Original Score),Alexandre Desplat,Little Women,False,418
2019,2020,92,MUSIC (Original Score),Randy Newman,Marriage Story,False,419
2019,2020,92,MUSIC (Original Score),Thomas Newman,1917,False,420
2019,2020,92,MUSIC (Original Score),John Williams,Star Wars: The Rise of Skywalker,False,421
2019,2020,92,MUSIC (Original Song),Randy Newman,Toy Story 4,False,422
2019,2020,92,MUSIC (Original Song),Elton John/Bernie Taupin,Rocketman,True,423
2019,2020,92,MUSIC (Original Song),Kristen Anderson-Lopez/Robert Lopez,Frozen II,False,424
2019,2020,92,MUSIC (Original Song),Joshuah Brian Campbell/Cynthia Erivo,Harriet,False,425
2019,2020,92,BEST PICTURE,Peter Chernin/Jenno Topping/James Mangold,Ford v Ferrari,False,426
2019,2020,92,BEST PICTURE,Martin Scorsese/Robert De Niro/Jane Rosenthal/Emma Tillinger Koskoff,The Irishman,False,427
2019,2020,92,BEST PICTURE,Carthew Neal/Taika Waititi/Chelsea Winstanley,Jojo Rabbit,False,428
2019,2020,92,BEST PICTURE,Todd Phillips/Bradley Cooper/Emma Tillinger Koskoff,Joker,False,429
2019,2020,92,BEST PICTURE,Amy Pascal,Little Women,False,430
2019,2020,92,BEST PICTURE,Noah Baumbach/David Heyman,Marriage Story,False,431
2019,2020,92,BEST PICTURE,Sam Mendes/Pippa Harris/Jayne-Ann Tenggren/Callum McDougall,1917,False,432
2019,2020,92,BEST PICTURE,Kwak Sin Ae/Bong Joon Ho,Parasite,True,433
2019,2020,92,ART DIRECTION,Bob Shaw/Regina Graves,The Irishman,False,434
2019,2020,92,ART DIRECTION,Ra Vincent/Nora Sopková,Jojo Rabbit,False,435
2019,2020,92,ART DIRECTION,Dennis Gassner/Lee Sandales,1917,False,436
2019,2020,92,ART DIRECTION,Lee Ha Jun/Cho Won Woo,Parasite,False,437
2019,2020,92,SOUND EDITING,Donald Sylvester,Ford v Ferrari,True,438
2019,2020,92,SOUND EDITING,Alan Robert Murray,Joker,False,439
2019,2020,92,SOUND EDITING,Oliver Tarney/Rachael Tate,1917,False,440
2019,2020,92,SOUND EDITING,Matthew Wood/David Acord,Star Wars: The Rise of Skywalker,False,441
2019,2020,92,SOUND MIXING,Gary Rydstrom/Tom Johnson/Mark Ulano,Ad Astra,False,442
2019,2020,92,SOUND MIXING,Paul Massey/David Giammarco/Steven A. Morrow,Ford v Ferrari,False,443
2019,2020,92,SOUND MIXING,Tom Ozanich/Dean Zupancic/Tod Maitland,Joker,False,444
2019,2020,92,SOUND MIXING,Mark Taylor/Stuart Wilson,1917,True,445
2019,2020,92,VISUAL EFFECTS,Dan DeLeeuw/Russell Earl/Matt Aitken/Dan Sudick,Avengers: Endgame,False,446
2019,2020,92,VISUAL EFFECTS,Pablo Helman/Leandro Estebecorena/Nelson Sepulveda-Fauser/Stephane Grabli,The Irishman,False,447
2019,2020,92,VISUAL EFFECTS,Robert Legato/Adam Valdez/Andrew R. Jones/Elliot Newman,The Lion King,False,448
2019,2020,92,VISUAL EFFECTS,Guillaume Rocheron/Greg Butler/Dominic Tuohy,1917,True,449
2019,2020,92,VISUAL EFFECTS,Roger Guyett/Neal Scanlan/Patrick Tubach/Dominic Tuohy,Star Wars: The Rise of Skywalker,False,450
2019,2020,92,WRITING (Adapted Screenplay),Steven Zaillian,The Irishman,False,451
2019,2020,92,WRITING (Adapted Screenplay),Taika Waititi,Jojo Rabbit,True,452
2019,2020,92,WRITING (Adapted Screenplay),Todd Phillips/Scott Silver,Joker,False,453
2019,2020,92,WRITING (Adapted Screenplay),Greta Gerwig,Little Women,False,454
2019,2020,92,WRITING (Adapted Screenplay),Anthony McCarten,The Two Popes,False,455
2019,2020,92,WRITING (Original Screenplay),Rian Johnson,Knives Out,False,456
2019,2020,92,WRITING (Original Screenplay),Noah Baumbach,Marriage Story,False,457
2019,2020,92,WRITING (Original Screenplay),Sam Mendes/Krysty Wilson-Cairns,1917,False,458
2019,2020,92,WRITING (Original Screenplay),Bong Joon Ho/Han Jin Won,Parasite,True,459
2020,2021,93,ACTOR IN A LEADING ROLE,Riz Ahmed,Sound of Metal,False,460
2020,2021,93,ACTOR IN A LEADING ROLE,Chadwick Boseman,Ma Rainey's Black Bottom,False,461
2020,2021,93,ACTOR IN A LEADING ROLE,Anthony Hopkins,The Father,True,462
2020,2021,93,ACTOR IN A LEADING ROLE,Gary Oldman,Mank,False,463
2020,2021,93,ACTOR IN A LEADING ROLE,Steven Yeun,Minari,False,464
2020,2021,93,ACTOR IN A SUPPORTING ROLE,Sacha Baron Cohen,The Trial of the Chicago 7,False,465
2020,2021,93,ACTOR IN A SUPPORTING ROLE,Daniel Kaluuya,Judas and the Black Messiah,True,466
2020,2021,93,ACTOR IN A SUPPORTING ROLE,Paul Raci,Sound of Metal,False,467
2020,2021,93,ACTOR IN A SUPPORTING ROLE,Lakeith Stanfield,Judas and the Black Messiah,False,468
2020,2021,93,ACTRESS IN A LEADING ROLE,Viola Davis,Ma Rainey's Black Bottom,False,469
2020,2021,93,ACTRESS IN A LEADING ROLE,Vanessa Kirby,Pieces of a Woman,False,470
2020,2021,93,ACTRESS IN A LEADING ROLE,Frances McDormand,Nomadland,True,471
2020,2021,93,ACTRESS IN A LEADING ROLE,Carey Mulligan,Promising Young Woman,False,472
2020,2021,93,ACTRESS IN A SUPPORTING ROLE,Glenn Close,Hillbilly Elegy,False,473
2020,2021,93,ACTRESS IN A SUPPORTING ROLE,Olivia Colman,The Father,False,474
2020,2021,93,ACTRESS IN A SUPPORTING ROLE,Amanda Seyfried,Mank,False,475
2020,2021,93,ACTRESS IN A SUPPORTING ROLE,Yuh-Jung Youn,Minari,True,476
2020,2021,93,ANIMATED FEATURE FILM,Dan Scanlon/Kori Rae,Onward,False,477
2020,2021,93,ANIMATED FEATURE FILM,Glen Keane/Gennie Rim/Peilin Chou,Over the Moon,False,478
2020,2021,93,ANIMATED FEATURE FILM,Tomm Moore/Ross Stewart/Paul Young/Stéphan Roelants,Wolfwalkers,False,479
2020,2021,93,CINEMATOGRAPHY,Sean Bobbitt,Judas and the Black Messiah,False,480
2020,2021,93,CINEMATOGRAPHY,Erik Messerschmidt,Mank,True,481
2020,2021,93,CINEMATOGRAPHY,Dariusz Wolski,News of the World,False,482
2020,2021,93,CINEMATOGRAPHY,Joshua James Richards,Nomadland,False,483
2020,2021,93,CINEMATOGRAPHY,Phedon Papamichael,The Trial of the Chicago 7,False,484
2020,2021,93,COSTUME DESIGN,Ann Roth,Ma Rainey's Black Bottom,True,485
2020,2021,93,COSTUME DESIGN,Trish Summerville,Mank,False,486
2020,2021,93,COSTUME DESIGN,Massimo Cantini Parrini,Pinocchio,False,487
2020,2021,93,DIRECTING,Thomas Vinterberg,Another Round,False,488
2020,2021,93,DIRECTING,David Fincher,Mank,False,489
2020,2021,93,DIRECTING,Lee Isaac Chung,Minari,False,490
2020,2021,93,DIRECTING,Chloé Zhao,Nomadland,True,491
2020,2021,93,DIRECTING,Emerald Fennell,Promising Young Woman,False,492
2020,2021,93,DOCUMENTARY (Feature),Alexander Nanau/Bianca Oana,Collective,False,493
2020,2021,93,DOCUMENTARY (Feature),Maite Alberdi/Marcela Santibáñez,The Mole Agent,False,494
2020,2021,93,DOCUMENTARY (Feature),Garrett Bradley/Lauren Domino/Kellen Quinn,Time,False,495
2020,2021,93,DOCUMENTARY (Short Subject),Anthony Giacchino/Alice Doyard,Colette,True,496
2020,2021,93,FILM EDITING,Yorgos Lamprinos,The Father,False,497
2020,2021,93,FILM EDITING,Chloé Zhao,Nomadland,False,498
2020,2021,93,FILM EDITING,Frédéric Thoraval,Promising Young Woman,False,499
2020,2021,93,FILM EDITING,Mikkel E. G. Nielsen,Sound of Metal,True,500
2020,2021,93,FILM EDITING,Alan Baumgarten,The Trial of the Chicago 7,False,501
2020,2021,93,INTERNATIONAL FEATURE FILM,Denmark,Another Round,True,502
2020,2021,93,INTERNATIONAL FEATURE FILM,Hong Kong,Better Days,False,503
2020,2021,93,INTERNATIONAL FEATURE FILM,Romania,Collective,False,504
2020,2021,93,INTERNATIONAL FEATURE FILM,Bosnia and Herzegovina,"Quo Vadis, Aida?",False,505
2020,2021,93,MAKEUP AND HAIRSTYLING,Eryn Krueger Mekash/Matthew Mungle/Patricia Dehaney,Hillbilly Elegy,False,506
2020,2021,93,MAKEUP AND HAIRSTYLING,Sergio Lopez-Rivera/Mia Neal/Jamika Wilson,Ma Rainey's Black Bottom,True,507
2020,2021,93,MAKEUP AND HAIRSTYLING,Gigi Williams/Kimberley Spiteri/Colleen LaBaff,Mank,False,508
2020,2021,93,MAKEUP AND HAIRSTYLING,Mark Coulier/Dalia Colli/Francesco Pegoretti,Pinocchio,False,509
2020,2021,93,MUSIC (Original Score),Trent Reznor/Atticus Ross,Mank,False,510
2020,2021,93,MUSIC (Original Score),Emile Mosseri,Minari,False,511
2020,2021,93,MUSIC (Original Score),James Newton Howard,News of the World,False,512
2020,2021,93,MUSIC (Original Song),H.E.R./Dernst Emile II/Tiara Thomas,Judas and the Black Messiah,True,513
2020,2021,93,MUSIC (Original Song),Daniel Pemberton/Celeste Waite,The Trial of the Chicago 7,False,514
2020,2021,93,BEST PICTURE,David Parfitt/Jean-Louis Livi/Philippe Carcassonne,The Father,False,515
2020,2021,93,BEST PICTURE,Shaka King/Charles D. King/Ryan Coogler,Judas and the Black Messiah,False,516
2020,2021,93,BEST PICTURE,Ceán Chaffin/Eric Roth/Douglas Urbanski,Mank,False,517
2020,2021,93,BEST PICTURE,Christina Oh,Minari,False,518
2020,2021,93,BEST PICTURE,Frances McDormand/Peter Spears/Mollye Asher/Dan Janvey/Chloé Zhao,Nomadland,True,519
2020,2021,93,BEST PICTURE,Ben Browning/Ashley Fox/Emerald Fennell/Josey McNamara,Promising Young Woman,False,520
2020,2021,93,BEST PICTURE,Bert Hamelinck/Sacha Ben Harroche,Sound of Metal,False,521
2020,2021,93,BEST PICTURE,Marc Platt/Stuart Besser,The Trial of the Chicago 7,False,522
2020,2021,93,ART DIRECTION,Peter Francis/Cathy Featherstone,The Father,False,523
2020,2021,93,ART DIRECTION,Mark Ricker/Karen O'Hara/Diana Stoughton,Ma Rainey's Black Bottom,False,524
2020,2021,93,ART DIRECTION,Donald Graham Burt/Jan Pascale,Mank,True,525
2020,2021,93,ART DIRECTION,David Crank/Elizabeth Keenan,News of the World,False,526
2020,2021,93,SOUND MIXING,Ren Klyce/Jeremy Molod/David Parker/Nathan Nance/Drew Kunin,Mank,False,527
2020,2021,93,SOUND MIXING,Oliver Tarney/Mike Prestwood Smith/William Miller/John Pritchett,News of the World,False,528
2020,2021,93,SOUND MIXING,Nicolas Becker/Jaime Baksht/Michellee Couttolenc/Carlos Cortés/Phillip Bladh,Sound of Metal,True,529
2020,2021,93,VISUAL EFFECTS,Matt Sloan/Genevieve Camilleri/Matt Everitt/Brian Cox,Love and Monsters,False,530
2020,2021,93,WRITING (Adapted Screenplay),Christopher Hampton/Florian Zeller,The Father,True,531
2020,2021,93,WRITING (Adapted Screenplay),Chloé Zhao,Nomadland,False,532
2020,2021,93,WRITING (Adapted Screenplay),Ramin Bahrani,The White Tiger,False,533
2020,2021,93,WRITING (Original Screenplay),Will Berson/Shaka King/Kenny Lucas/Keith Lucas,Judas and the Black Messiah,False,534
2020,2021,93,WRITING (Original Screenplay),Lee Isaac Chung,Minari,False,535
2020,2021,93,WRITING (Original Screenplay),Emerald Fennell,Promising Young Woman,True,536
2020,2021,93,WRITING (Original Screenplay),Darius Marder/Abraham Marder/Derek Cianfrance,Sound of Metal,False,537
2020,2021,93,WRITING (Original Screenplay),Aaron Sorkin,The Trial of the Chicago 7,False,538
2021,2022,94,ACTOR IN A LEADING ROLE,Benedict Cumberbatch,The Power of the Dog,False,539
2021,2022,94,ACTOR IN A LEADING ROLE,Will Smith,King Richard,True,540
2021,2022,94,ACTOR IN A LEADING ROLE,Denzel Washington,The Tragedy of Macbeth,False,541
2021,2022,94,ACTOR IN A SUPPORTING ROLE,Ciarán Hinds,Belfast,False,542
2021,2022,94,ACTOR IN A SUPPORTING ROLE,Troy Kotsur,CODA,True,543
2021,2022,94,ACTOR IN A SUPPORTING ROLE,Jesse Plemons,The Power of the Dog,False,544
2021,2022,94,ACTOR IN A SUPPORTING ROLE,Kodi Smit-McPhee,The Power of the Dog,False,545
2021,2022,94,ACTRESS IN A LEADING ROLE,Jessica Chastain,The Eyes of Tammy Faye,True,546
2021,2022,94,ACTRESS IN A LEADING ROLE,Olivia Colman,The Lost Daughter,False,547
2021,2022,94,ACTRESS IN A LEADING ROLE,Penélope Cruz,Parallel Mothers,False,548
2021,2022,94,ACTRESS IN A LEADING ROLE,Kristen Stewart,Spencer,False,549
2021,2022,94,ACTRESS IN A SUPPORTING ROLE,Jessie Buckley,The Lost Daughter,False,550
2021,2022,94,ACTRESS IN A SUPPORTING ROLE,Ariana DeBose,West Side Story,True,551
2021,2022,94,ACTRESS IN A SUPPORTING ROLE,Judi Dench,Belfast,False,552
2021,2022,94,ACTRESS IN A SUPPORTING ROLE,Kirsten Dunst,The Power of the Dog,False,553
2021,2022,94,ACTRESS IN A SUPPORTING ROLE,Aunjanue Ellis,King Richard,False,554
2021,2022,94,ANIMATED FEATURE FILM,Jared Bush/Byron Howard/Yvett Merino/Clark Spencer,Encanto,True,555
2021,2022,94,ANIMATED FEATURE FILM,Jonas Poher Rasmussen/Monica Hellström/Signe Byrge Sørensen/Charlotte De La Gournerie,Flee,False,556
2021,2022,94,ANIMATED FEATURE FILM,Enrico Casarosa/Andrea Warren,Luca,False,557
2021,2022,94,ANIMATED FEATURE FILM,Mike Rianda/Phil Lord/Christopher Miller/Kurt Albrecht,The Mitchells vs. the Machines,False,558
2021,2022,94,ANIMATED FEATURE FILM,Don Hall/Carlos López Estrada/Osnat Shurer/Peter Del Vecho,Raya and the Last Dragon,False,559
2021,2022,94,CINEMATOGRAPHY,Greig Fraser,Dune,True,560
2021,2022,94,CINEMATOGRAPHY,Dan Laustsen,Nightmare Alley,False,561
2021,2022,94,CINEMATOGRAPHY,Ari Wegner,The Power of the Dog,False,562
2021,2022,94,CINEMATOGRAPHY,Bruno Delbonnel,The Tragedy of Macbeth,False,563
2021,2022,94,CINEMATOGRAPHY,Janusz Kaminski,West Side Story,False,564
2021,2022,94,COSTUME DESIGN,Jenny Beavan,Cruella,True,565
2021,2022,94,COSTUME DESIGN,Massimo Cantini Parrini/Jacqueline Durran,Cyrano,False,566
2021,2022,94,COSTUME DESIGN,Jacqueline West/Robert Morgan,Dune,False,567
2021,2022,94,COSTUME DESIGN,Luis Sequeira,Nightmare Alley,False,568
2021,2022,94,COSTUME DESIGN,Paul Tazewell,West Side Story,False,569
2021,2022,94,DIRECTING,Kenneth Branagh,Belfast,False,570
2021,2022,94,DIRECTING,Ryusuke Hamaguchi,Drive My Car,False,571
2021,2022,94,DIRECTING,Paul Thomas Anderson,Licorice Pizza,False,572
2021,2022,94,DIRECTING,Jane Campion,The Power of the Dog,True,573
2021,2022,94,DIRECTING,Steven Spielberg,West Side Story,False,574
2021,2022,94,DOCUMENTARY (Feature),Jessica Kingdon/Kira Simon-Kennedy/Nathan Truesdell,Ascension,False,575
2021,2022,94,DOCUMENTARY (Feature),Jonas Poher Rasmussen/Monica Hellström/Signe Byrge Sørensen/Charlotte De La Gournerie,Flee,False,576
2021,2022,94,DOCUMENTARY (Feature),"Ahmir ""Questlove"" Thompson/Joseph Patel/Robert Fyvolent/David Dinerstein","Summer of Soul (...Or, When the Revolution Could Not Be Televised)",True,577
2021,2022,94,DOCUMENTARY (Feature),Rintu Thomas/Sushmit Ghosh,Writing with Fire,False,578
2021,2022,94,FILM EDITING,Joe Walker,Dune,True,579
2021,2022,94,FILM EDITING,Pamela Martin,King Richard,False,580
2021,2022,94,FILM EDITING,Peter Sciberras,The Power of the Dog,False,581
2021,2022,94,INTERNATIONAL FEATURE FILM,Japan,Drive My Car,True,582
2021,2022,94,INTERNATIONAL FEATURE FILM,Denmark,Flee,False,583
2021,2022,94,INTERNATIONAL FEATURE FILM,Italy,The Hand of God,False,584
2021,2022,94,INTERNATIONAL FEATURE FILM,Bhutan,Lunana: A Yak in the Classroom,False,585
2021,2022,94,INTERNATIONAL FEATURE FILM,Norway,The Worst Person in the World,False,586
2021,2022,94,MAKEUP AND HAIRSTYLING,Nadia Stacey/Naomi Donne/Julia Vernon,Cruella,False,587
2021,2022,94,MAKEUP AND HAIRSTYLING,Donald Mowat/Love Larson/Eva von Bahr,Dune,False,588
2021,2022,94,MAKEUP AND HAIRSTYLING,Linda Dowds/Stephanie Ingram/Justin Raleigh,The Eyes of Tammy Faye,True,589
2021,2022,94,MAKEUP AND HAIRSTYLING,Göran Lundström/Anna Carin Lock/Frederic Aspiras,House of Gucci,False,590
2021,2022,94,MUSIC (Original Score),Hans Zimmer,Dune,True,591
2021,2022,94,MUSIC (Original Score),Germaine Franco,Encanto,False,592
2021,2022,94,MUSIC (Original Score),Alberto Iglesias,Parallel Mothers,False,593
2021,2022,94,MUSIC (Original Score),Jonny Greenwood,The Power of the Dog,False,594
2021,2022,94,MUSIC (Original Song),DIXSON/Beyoncé Knowles-Carter,King Richard,False,595
2021,2022,94,MUSIC (Original Song),Lin-Manuel Miranda,Encanto,False,596
2021,2022,94,MUSIC (Original Song),Van Morrison,Belfast,False,597
2021,2022,94,MUSIC (Original Song),Billie Eilish/Finneas O'Connell,No Time to Die,True,598
2021,2022,94,MUSIC (Original Song),Diane Warren,Four Good Days,False,599
2021,2022,94,BEST PICTURE,Laura Berwick/Kenneth Branagh/Becca Kovacik/Tamar Thomas,Belfast,False,600
2021,2022,94,BEST PICTURE,Philippe Rousselet/Fabrice Gianfermi/Patrick Wachsberger,CODA,True,601
2021,2022,94,BEST PICTURE,Teruhisa Yamamoto,Drive My Car,False,602
2021,2022,94,BEST PICTURE,Mary Parent/Denis Villeneuve/Cale Boyter,Dune,False,603
2021,2022,94,BEST PICTURE,Tim White/Trevor White/Will Smith,King Richard,False,604
2021,2022,94,BEST PICTURE,Sara Murphy/Adam Somner/Paul Thomas Anderson,Licorice Pizza,False,605
2021,2022,94,BEST PICTURE,Guillermo del Toro/J. Miles Dale/Bradley Cooper,Nightmare Alley,False,606
2021,2022,94,BEST PICTURE,Jane Campion/Tanya Seghatchian/Emile Sherman/Iain Canning/Roger Frappier,The Power of the Dog,False,607
2021,2022,94,BEST PICTURE,Steven Spielberg/Kristie Macosko Krieger,West Side Story,False,608
2021,2022,94,ART DIRECTION,Patrice Vermette/Zsuzsanna Sipos,Dune,True,609
2021,2022,94,ART DIRECTION,Tamara Deverell/Shane Vieau,Nightmare Alley,False,610
2021,2022,94,ART DIRECTION,Grant Major/Amber Richards,The Power of the Dog,False,611
2021,2022,94,ART DIRECTION,Stefan Dechant/Nancy Haigh,The Tragedy of Macbeth,False,612
2021,2022,94,ART DIRECTION,Adam Stockhausen/Rena DeAngelo,West Side Story,False,613
2021,2022,94,SOUND MIXING,Denise Yarde/Simon Chase/James Mather/Niv Adiri,Belfast,False,614
2021,2022,94,SOUND MIXING,Mac Ruth/Mark Mangini/Theo Green/Doug Hemphill/Ron Bartlett,Dune,True,615
2021,2022,94,SOUND MIXING,Simon Hayes/Oliver Tarney/James Harrison/Paul Massey/Mark Taylor,No Time to Die,False,616
2021,2022,94,SOUND MIXING,Richard Flynn/Robert Mackenzie/Tara Webb,The Power of the Dog,False,617
2021,2022,94,SOUND MIXING,Tod A. Maitland/Gary Rydstrom/Brian Chumney/Andy Nelson/Shawn Murphy,West Side Story,False,618
2021,2022,94,VISUAL EFFECTS,Paul Lambert/Tristan Myles/Brian Connor/Gerd Nefzer,Dune,True,619
2021,2022,94,VISUAL EFFECTS,Swen Gillberg/Bryan Grill/Nikos Kalaitzidis/Dan Sudick,Free Guy,False,620
2021,2022,94,VISUAL EFFECTS,Charlie Noble/Joel Green/Jonathan Fawkner/Chris Corbould,No Time to Die,False,621
2021,2022,94,VISUAL EFFECTS,Christopher Townsend/Joe Farrell/Sean Noel Walker/Dan Oliver,Shang-Chi and the Legend of the Ten Rings,False,622
2021,2022,94,VISUAL EFFECTS,Kelly Port/Chris Waegner/Scott Edelstein/Dan Sudick,Spider-Man: No Way Home,False,623
2021,2022,94,WRITING (Adapted Screenplay),Siân Heder,CODA,True,624
2021,2022,94,WRITING (Adapted Screenplay),Ryusuke Hamaguchi/Takamasa Oe,Drive My Car,False,625
2021,2022,94,WRITING (Adapted Screenplay),Jon Spaihts/Denis Villeneuve/Eric Roth,Dune,False,626
2021,2022,94,WRITING (Adapted Screenplay),Maggie Gyllenhaal,The Lost Daughter,False,627
2021,2022,94,WRITING (Adapted Screenplay),Jane Campion,The Power of the Dog,False,628
2021,2022,94,WRITING (Original Screenplay),Kenneth Branagh,Belfast,True,629
2021,2022,94,WRITING (Original Screenplay),Zach Baylin,King Richard,False,630
2021,2022,94,WRITING (Original Screenplay),Paul Thomas Anderson,Licorice Pizza,False,631
2021,2022,94,WRITING (Original Screenplay),Eskil Vogt/Joachim Trier,The Worst Person in the World,False,632
2022,2023,95,ACTOR IN A LEADING ROLE,Austin Butler,Elvis,False,633
2022,2023,95,ACTOR IN A LEADING ROLE,Colin Farrell,The Banshees of Inisherin,False,634
2022,2023,95,ACTOR IN A LEADING ROLE,Brendan Fraser,The Whale,True,635
2022,2023,95,ACTOR IN A LEADING ROLE,Paul Mescal,Aftersun,False,636
2022,2023,95,ACTOR IN A LEADING ROLE,Bill Nighy,Living,False,637
2022,2023,95,ACTOR IN A SUPPORTING ROLE,Brendan Gleeson,The Banshees of Inisherin,False,638
2022,2023,95,ACTOR IN A SUPPORTING ROLE,Brian Tyree Henry,Causeway,False,639
2022,2023,95,ACTOR IN A SUPPORTING ROLE,Judd Hirsch,The Fabelmans,False,640
2022,2023,95,ACTOR IN A SUPPORTING ROLE,Barry Keoghan,The Banshees of Inisherin,False,641
2022,2023,95,ACTOR IN A SUPPORTING ROLE,Ke Huy Quan,Everything Everywhere All at Once,True,642
2022,2023,95,ACTRESS IN A LEADING ROLE,Cate Blanchett,Tár,False,643
2022,2023,95,ACTRESS IN A LEADING ROLE,Andrea Riseborough,To Leslie,False,644
2022,2023,95,ACTRESS IN A LEADING ROLE,Michelle Williams,The Fabelmans,False,645
2022,2023,95,ACTRESS IN A LEADING ROLE,Michelle Yeoh,Everything Everywhere All at Once,True,646
2022,2023,95,ACTRESS IN A SUPPORTING ROLE,Angela Bassett,Black Panther: Wakanda Forever,False,647
2022,2023,95,ACTRESS IN A SUPPORTING ROLE,Hong Chau,The Whale,False,648
2022,2023,95,ACTRESS IN A SUPPORTING ROLE,Kerry Condon,The Banshees of Inisherin,False,649
2022,2023,95,ACTRESS IN A SUPPORTING ROLE,Jamie Lee Curtis,Everything Everywhere All at Once,True,650
2022,2023,95,ACTRESS IN A SUPPORTING ROLE,Stephanie Hsu,Everything Everywhere All at Once,False,651
2022,2023,95,ANIMATED FEATURE FILM,Guillermo del Toro/Mark Gustafson/Gary Ungar/Alex Bulkley,Guillermo del Toro's Pinocchio,True,652
2022,2023,95,ANIMATED FEATURE FILM,Dean Fleischer Camp/Elisabeth Holm/Andrew Goldman/Caroline Kaplan/Paul Mezey,Marcel the Shell with Shoes On,False,653
2022,2023,95,ANIMATED FEATURE FILM,Joel Crawford/Mark Swift,Puss in Boots: The Last Wish,False,654
2022,2023,95,ANIMATED FEATURE FILM,Chris Williams/Jed Schlanger,The Sea Beast,False,655
2022,2023,95,CINEMATOGRAPHY,James Friend,All Quiet on the Western Front,True,656
2022,2023,95,CINEMATOGRAPHY,Mandy Walker,Elvis,False,657
2022,2023,95,CINEMATOGRAPHY,Florian Hoffmeister,Tár,False,658
2022,2023,95,COSTUME DESIGN,Mary Zophres,Babylon,False,659
2022,2023,95,COSTUME DESIGN,Ruth Carter,Black Panther: Wakanda Forever,True,660
2022,2023,95,COSTUME DESIGN,Catherine Martin,Elvis,False,661
2022,2023,95,COSTUME DESIGN,Shirley Kurata,Everything Everywhere All at Once,False,662
2022,2023,95,COSTUME DESIGN,Jenny Beavan,Mrs. Harris Goes to Paris,False,663
2022,2023,95,DIRECTING,Martin McDonagh,The Banshees of Inisherin,False,664
2022,2023,95,DIRECTING,Daniel Kwan/Daniel Scheinert,Everything Everywhere All at Once,True,665
2022,2023,95,DIRECTING,Steven Spielberg,The Fabelmans,False,666
2022,2023,95,DIRECTING,Todd Field,Tár,False,667
2022,2023,95,DOCUMENTARY (Feature),Shaunak Sen/Aman Mann/Teddy Leifer,All That Breathes,False,668
2022,2023,95,DOCUMENTARY (Feature),Laura Poitras/Howard Gertler/John Lyons/Nan Goldin/Yoni Golijov,All the Beauty and the Bloodshed,False,669
2022,2023,95,DOCUMENTARY (Feature),Sara Dosa/Shane Boris/Ina Fichman,Fire of Love,False,670
2022,2023,95,DOCUMENTARY (Feature),Daniel Roher/Odessa Rae/Diane Becker/Melanie Miller/Shane Boris,Navalny,True,671
2022,2023,95,FILM EDITING,Mikkel E.G. Nielsen,The Banshees of Inisherin,False,672
2022,2023,95,FILM EDITING,Matt Villa/Jonathan Redmond,Elvis,False,673
2022,2023,95,FILM EDITING,Paul Rogers,Everything Everywhere All at Once,True,674
2022,2023,95,FILM EDITING,Monika Willi,Tár,False,675
2022,2023,95,FILM EDITING,Eddie Hamilton,Top Gun: Maverick,False,676
2022,2023,95,INTERNATIONAL FEATURE FILM,Germany,All Quiet on the Western Front,True,677
2022,2023,95,INTERNATIONAL FEATURE FILM,Argentina,"Argentina, 1985",False,678
2022,2023,95,INTERNATIONAL FEATURE FILM,Belgium,Close,False,679
2022,2023,95,INTERNATIONAL FEATURE FILM,Poland,EO,False,680
2022,2023,95,INTERNATIONAL FEATURE FILM,Ireland,The Quiet Girl,False,681
2022,2023,95,MAKEUP AND HAIRSTYLING,Heike Merker/Linda Eisenhamerová,All Quiet on the Western Front,False,682
2022,2023,95,MAKEUP AND HAIRSTYLING,Naomi Donne/Mike Marino/Mike Fontaine,The Batman,False,683
2022,2023,95,MAKEUP AND HAIRSTYLING,Camille Friend/Joel Harlow,Black Panther: Wakanda Forever,False,684
2022,2023,95,MAKEUP AND HAIRSTYLING,Mark Coulier/Jason Baird/Aldo Signoretti,Elvis,False,685
2022,2023,95,MAKEUP AND HAIRSTYLING,Adrien Morot/Judy Chin/Annemarie Bradley,The Whale,True,686
2022,2023,95,MUSIC (Original Score),Volker Bertelmann,All Quiet on the Western Front,True,687
2022,2023,95,MUSIC (Original Score),Justin Hurwitz,Babylon,False,688
2022,2023,95,MUSIC (Original Score),Carter Burwell,The Banshees of Inisherin,False,689
2022,2023,95,MUSIC (Original Score),Son Lux,Everything Everywhere All at Once,False,690
2022,2023,95,MUSIC (Original Score),John Williams,The Fabelmans,False,691
2022,2023,95,MUSIC (Original Song),Lady Gaga/BloodPop,Top Gun: Maverick,False,692
2022,2023,95,MUSIC (Original Song),Tems/Rihanna/Ryan Coogler/Ludwig Goransson,Black Panther: Wakanda Forever,False,693
2022,2023,95,MUSIC (Original Song),M.M. Keeravaani/Chandrabose,RRR,True,694
2022,2023,95,MUSIC (Original Song),Ryan Lott/David Byrne/Mitski,Everything Everywhere All at Once,False,695
2022,2023,95,BEST PICTURE,Malte Grunert,All Quiet on the Western Front,False,696
2022,2023,95,BEST PICTURE,James Cameron/Jon Landau,Avatar: The Way of Water,False,697
2022,2023,95,BEST PICTURE,Graham Broadbent/Pete Czernin/Martin McDonagh,The Banshees of Inisherin,False,698
2022,2023,95,BEST PICTURE,Baz Luhrmann/Catherine Martin/Gail Berman/Patrick McCormick/Schuyler Weiss,Elvis,False,699
2022,2023,95,BEST PICTURE,Daniel Kwan/Daniel Scheinert/Jonathan Wang,Everything Everywhere All at Once,True,700
2022,2023,95,BEST PICTURE,Kristie Macosko Krieger/Steven Spielberg/Tony Kushner,The Fabelmans,False,701
2022,2023,95,BEST PICTURE,Todd Field/Alexandra Milchan/Scott Lambert,Tár,False,702
2022,2023,95,BEST PICTURE,Tom Cruise/Christopher McQuarrie/David Ellison/Jerry Bruckheimer,Top Gun: Maverick,False,703
2022,2023,95,BEST PICTURE,Dede Gardner/Jeremy Kleiner/Frances McDormand,Women Talking,False,704
2022,2023,95,ART DIRECTION,Christian M. Goldbeck/Ernestine Hipper,All Quiet on the Western Front,True,705
2022,2023,95,ART DIRECTION,Dylan Cole/Ben Procter/Vanessa Cole,Avatar: The Way of Water,False,706
2022,2023,95,ART DIRECTION,Florencia Martin/Anthony Carlino,Babylon,False,707
2022,2023,95,ART DIRECTION,Catherine Martin/Karen Murphy/Bev Dunn,Elvis,False,708
2022,2023,95,ART DIRECTION,Rick Carter/Karen O'Hara,The Fabelmans,False,709
2022,2023,95,SOUND MIXING,Viktor Prášil/Frank Kruse/Markus Stemler/Lars Ginzel/Stefan Korte,All Quiet on the Western Front,False,710
2022,2023,95,SOUND MIXING,Julian Howarth/Gwendolyn Yates Whittle/Dick Bernstein/Christopher Boyes/Gary Summers/Michael Hedges,Avatar: The Way of Water,False,711
2022,2023,95,SOUND MIXING,Stuart Wilson/William Files/Douglas Murray/Andy Nelson,The Batman,False,712
2022,2023,95,SOUND MIXING,David Lee/Wayne Pashley/Andy Nelson/Michael Keller,Elvis,False,713
2022,2023,95,SOUND MIXING,Mark Weingarten/James H. Mather/Al Nelson/Chris Burdon/Mark Taylor,Top Gun: Maverick,True,714
2022,2023,95,VISUAL EFFECTS,Frank Petzold/Viktor Müller/Markus Frank/Kamil Jafar,All Quiet on the Western Front,False,715
2022,2023,95,VISUAL EFFECTS,Joe Letteri/Richard Baneham/Eric Saindon/Daniel Barrett,Avatar: The Way of Water,True,716
2022,2023,95,VISUAL EFFECTS,Dan Lemmon/Russell Earl/Anders Langlands/Dominic Tuohy,The Batman,False,717
2022,2023,95,VISUAL EFFECTS,Geoffrey Baumann/Craig Hammack/R. Christopher White/Dan Sudick,Black Panther: Wakanda Forever,False,718
2022,2023,95,VISUAL EFFECTS,Ryan Tudhope/Seth Hill/Bryan Litson/Scott R. Fisher,Top Gun: Maverick,False,719
2022,2023,95,WRITING (Adapted Screenplay),Screenplay - Edward Berger/Lesley Paterson/Ian Stokell,All Quiet on the Western Front,False,720
2022,2023,95,WRITING (Adapted Screenplay),Rian Johnson,Glass Onion: A Knives Out Mystery,False,721
2022,2023,95,WRITING (Adapted Screenplay),Kazuo Ishiguro,Living,False,722
2022,2023,95,WRITING (Adapted Screenplay),Ehren Kruger/Eric Warren Singer/Christopher McQuarrie/Peter Craig/Justin Marks,Top Gun: Maverick,False,723
2022,2023,95,WRITING (Adapted Screenplay),Sarah Polley,Women Talking,True,724
2022,2023,95,WRITING (Original Screenplay),Martin McDonagh,The Banshees of Inisherin,False,725
2022,2023,95,WRITING (Original Screenplay),Daniel Kwan/Daniel Scheinert,Everything Everywhere All at Once,True,726
2022,2023,95,WRITING (Original Screenplay),Steven Spielberg/Tony Kushner,The Fabelmans,False,727
2022,2023,95,WRITING (Original Screenplay),Todd Field,Tár,False,728
